1,in_117,3782428636,2020-01-20 00:00:00,1,117
2,ut_307,0342814880,2019-05-01 00:00:00,0,307
3,viverra_126,4229716014,2020-04-19 00:00:00,1,126
4,venenatis_223,7965432857,2020-04-15 00:00:00,0,223
5,in_299,3341482484,2019-09-13 00:00:00,1,299
6,tristique_182,4720212547,2020-04-23 00:00:00,1,182
7,ante_594,3799363107,2019-10-18 00:00:00,1,594
8,quam_210,2803265710,2020-02-08 00:00:00,1,210
9,id_597,2503691261,2019-08-08 00:00:00,1,597
10,faucibus_759,3917616003,2019-10-15 00:00:00,1,759
11,eu_715,4026615808,2019-11-19 00:00:00,1,715
12,quis_985,1684217593,2020-01-14 00:00:00,1,985
13,id_234,7345676097,2020-03-30 00:00:00,1,234
14,nam_255,3986578176,2019-07-30 00:00:00,0,255
15,ultrices_792,3883839925,2019-08-31 00:00:00,1,792
16,suspendisse_659,4544247476,2019-10-28 00:00:00,1,659
17,viverra_75,0161733396,2020-02-26 00:00:00,1,75
18,at_306,1664070708,2019-08-20 00:00:00,1,306
19,magna_929,7993955408,2020-04-15 00:00:00,1,929
20,id_99,4367378033,2019-05-20 00:00:00,1,99
21,rhoncus_869,5146946836,2020-04-27 00:00:00,1,869
22,gravida_217,7575140565,2019-11-02 00:00:00,1,217
23,justo_82,1946736635,2019-05-29 00:00:00,1,82
24,aliquam_98,1162776071,2020-02-22 00:00:00,1,98
25,nullam_577,7197018466,2020-01-10 00:00:00,1,577
26,eu_835,9709385451,2020-01-04 00:00:00,1,835
27,id_998,2785001656,2019-10-25 00:00:00,1,998
28,cursus_480,5445533184,2020-01-24 00:00:00,1,480
29,mauris_918,0829284436,2019-10-05 00:00:00,1,918
30,enim_363,7347804044,2019-12-19 00:00:00,0,363
31,vehicula_876,0624387357,2020-01-14 00:00:00,1,876
32,eu_397,3281159177,2019-05-28 00:00:00,0,397
33,tincidunt_238,5511797207,2019-12-23 00:00:00,1,238
34,aliquet_900,6059759769,2019-12-17 00:00:00,1,900
35,ac_715,3104124417,2020-02-25 00:00:00,1,715
36,at_749,0198902607,2020-04-17 00:00:00,1,749
37,purus_991,4850297832,2020-02-09 00:00:00,0,991
38,et_947,4563605026,2019-11-29 00:00:00,1,947
39,augue_996,3893421783,2019-10-18 00:00:00,1,996
40,sed_553,5487080615,2019-07-14 00:00:00,1,553
41,nulla_410,3343289636,2020-02-27 00:00:00,1,410
42,mi_510,7978623102,2019-10-31 00:00:00,1,510
43,nulla_667,2772499355,2020-02-03 00:00:00,1,667
44,scelerisque_732,4798946902,2020-04-28 00:00:00,1,732
45,nulla_179,2735183406,2019-07-01 00:00:00,1,179
46,metus_982,6274946052,2019-12-12 00:00:00,1,982
47,est_927,0279557490,2020-02-04 00:00:00,1,927
48,turpis_446,6745451516,2019-08-08 00:00:00,1,446
49,placerat_693,5821443442,2019-11-07 00:00:00,1,693
50,dapibus_20,7455550748,2019-05-18 00:00:00,1,20
51,donec_893,5094732522,2019-06-08 00:00:00,1,893
52,nonummy_70,6348108153,2019-06-08 00:00:00,0,70
53,suscipit_795,5083669672,2020-04-16 00:00:00,0,795
54,feugiat_621,7910867354,2020-03-22 00:00:00,1,621
55,dapibus_461,2959891659,2019-10-31 00:00:00,1,461
56,maecenas_800,3790250817,2020-02-16 00:00:00,0,800
57,id_710,4163479396,2019-06-30 00:00:00,1,710
58,nisl_876,7320760977,2019-06-26 00:00:00,1,876
59,ultrices_481,5145612801,2020-02-27 00:00:00,1,481
60,nam_129,5386095864,2020-01-22 00:00:00,1,129
61,scelerisque_634,5267283990,2019-12-06 00:00:00,1,634
62,morbi_214,5606027055,2019-12-16 00:00:00,0,214
63,in_819,2842786401,2019-10-02 00:00:00,1,819
64,ipsum_511,4777165730,2019-07-17 00:00:00,1,511
65,diam_23,9848046170,2019-06-25 00:00:00,1,23
66,cubilia_372,2717268007,2019-10-17 00:00:00,1,372
67,cursus_937,3508011664,2020-01-21 00:00:00,1,937
68,non_113,0414275258,2019-11-23 00:00:00,1,113
69,lacinia_661,5370516151,2020-01-30 00:00:00,1,661
70,arcu_704,8644865916,2020-04-28 00:00:00,1,704
71,maecenas_996,6754307797,2020-03-05 00:00:00,1,996
72,orci_535,2765085819,2020-02-07 00:00:00,0,535
73,diam_903,5467661641,2020-02-04 00:00:00,1,903
74,lacus_713,1621371064,2019-12-25 00:00:00,0,713
75,neque_696,2740050311,2020-02-02 00:00:00,0,696
76,morbi_297,5178764044,2020-03-25 00:00:00,0,297
77,et_772,2291380942,2019-07-26 00:00:00,1,772
78,sollicitudin_127,4653410361,2020-01-30 00:00:00,1,127
79,mauris_362,9873381342,2019-05-20 00:00:00,1,362
80,rutrum_551,2116541919,2020-03-25 00:00:00,1,551
81,faucibus_776,6629839866,2020-02-28 00:00:00,1,776
82,id_490,7179759754,2019-09-11 00:00:00,1,490
83,vestibulum_403,2341829686,2019-08-15 00:00:00,1,403
84,posuere_129,2632563778,2020-03-10 00:00:00,1,129
85,tellus_128,4778861687,2019-07-03 00:00:00,1,128
86,consequat_156,4229455292,2020-01-18 00:00:00,1,156
87,consequat_185,2516756207,2020-01-27 00:00:00,0,185
88,mattis_555,7622019800,2020-03-17 00:00:00,1,555
89,mauris_643,9403824888,2019-07-02 00:00:00,1,643
90,velit_651,4407630114,2020-04-01 00:00:00,1,651
91,nisi_345,3191765718,2020-02-11 00:00:00,1,345
92,nulla_405,7787136224,2019-12-30 00:00:00,1,405
93,odio_720,1707381679,2020-04-09 00:00:00,1,720
94,convallis_556,4798207930,2020-03-05 00:00:00,0,556
95,enim_687,6980243275,2019-10-12 00:00:00,0,687
96,semper_787,7652625535,2019-09-01 00:00:00,1,787
97,pede_923,9242906217,2019-11-05 00:00:00,0,923
98,porttitor_859,9887799551,2019-12-07 00:00:00,1,859
99,tempus_716,3595558595,2020-01-22 00:00:00,0,716
100,id_244,3501158351,2020-01-06 00:00:00,1,244
101,nulla_338,7913640883,2020-01-20 00:00:00,1,338
102,quisque_970,8458809976,2020-04-02 00:00:00,1,970
103,curabitur_947,8532307045,2019-12-14 00:00:00,1,947
104,vel_521,5730089175,2020-04-29 00:00:00,0,521
105,posuere_918,2338116692,2019-05-22 00:00:00,1,918
106,sociis_387,4409619485,2019-07-09 00:00:00,1,387
107,ac_269,6196857558,2019-12-01 00:00:00,1,269
108,et_86,0099235305,2019-11-28 00:00:00,0,86
109,dui_249,4425695162,2020-02-14 00:00:00,1,249
110,erat_217,6329913221,2019-07-17 00:00:00,1,217
111,nulla_892,0532024297,2019-05-24 00:00:00,1,892
112,sagittis_107,0362313287,2019-10-29 00:00:00,1,107
113,sit_717,0768097597,2020-01-28 00:00:00,0,717
114,porttitor_649,6170289397,2020-02-08 00:00:00,1,649
115,ac_174,9123985849,2020-04-14 00:00:00,1,174
116,erat_36,4453340517,2019-10-29 00:00:00,1,36
117,cursus_881,3159616103,2019-10-29 00:00:00,0,881
118,nulla_830,9096819469,2019-07-05 00:00:00,1,830
119,ipsum_878,7391316475,2020-04-25 00:00:00,1,878
120,sed_720,0408637370,2019-08-11 00:00:00,1,720
121,congue_315,6430642534,2019-06-30 00:00:00,0,315
122,adipiscing_949,9261480480,2019-11-08 00:00:00,1,949
123,lobortis_987,8084913773,2019-12-19 00:00:00,1,987
124,turpis_267,5479351669,2020-04-02 00:00:00,1,267
125,ante_368,8382548593,2019-12-03 00:00:00,0,368
126,eu_24,8650256303,2019-05-15 00:00:00,1,24
127,consectetuer_410,8194661330,2019-11-14 00:00:00,0,410
128,diam_39,4471189195,2019-12-07 00:00:00,1,39
129,aliquam_551,4422151604,2019-05-10 00:00:00,1,551
130,eu_45,9560005089,2020-02-06 00:00:00,0,45
131,eros_983,5954015971,2019-09-04 00:00:00,0,983
132,amet_794,9684689794,2019-06-05 00:00:00,1,794
133,vestibulum_931,3628160167,2019-07-02 00:00:00,1,931
134,vestibulum_257,8710293830,2020-02-01 00:00:00,1,257
135,at_393,2586058860,2019-11-04 00:00:00,1,393
136,pellentesque_780,5080877136,2019-11-09 00:00:00,1,780
137,justo_875,8017916627,2019-10-10 00:00:00,1,875
138,enim_35,8562645592,2019-09-24 00:00:00,1,35
139,duis_774,2122511638,2020-04-21 00:00:00,0,774
140,diam_20,2518619073,2019-07-30 00:00:00,1,20
141,diam_335,9556284678,2019-06-03 00:00:00,1,335
142,eleifend_75,1853674696,2020-04-12 00:00:00,1,75
143,nam_985,4085087879,2019-08-07 00:00:00,0,985
144,risus_565,8655753637,2020-02-26 00:00:00,1,565
145,primis_915,3157746644,2020-03-25 00:00:00,1,915
146,faucibus_417,2579136084,2020-02-10 00:00:00,1,417
147,odio_935,1890227605,2019-06-26 00:00:00,1,935
148,pede_531,2668742687,2019-10-28 00:00:00,1,531
149,nunc_246,6564391036,2019-11-15 00:00:00,1,246
150,hac_442,6450202958,2019-06-12 00:00:00,0,442
151,justo_557,6110459749,2020-02-15 00:00:00,1,557
152,at_61,4496551176,2020-02-05 00:00:00,1,61
153,enim_85,1639910245,2020-01-29 00:00:00,1,85
154,semper_850,2391952565,2019-06-13 00:00:00,0,850
155,leo_250,9453623290,2019-11-01 00:00:00,0,250
156,dolor_896,9461467481,2019-06-14 00:00:00,1,896
157,nunc_13,3587344315,2019-12-04 00:00:00,1,13
158,quis_616,7106860493,2019-08-12 00:00:00,1,616
159,montes_545,7245723037,2020-04-14 00:00:00,1,545
160,erat_997,7378694293,2020-02-26 00:00:00,0,997
161,suscipit_387,7766191637,2019-06-14 00:00:00,1,387
162,sagittis_478,4160582360,2019-06-29 00:00:00,1,478
163,congue_919,3158286469,2020-01-14 00:00:00,0,919
164,tempus_228,2796531301,2019-08-19 00:00:00,1,228
165,consequat_139,1342060971,2020-03-15 00:00:00,1,139
166,in_745,8815300605,2019-07-01 00:00:00,1,745
167,in_469,1289779649,2019-08-24 00:00:00,1,469
168,vehicula_252,1181293277,2019-06-17 00:00:00,1,252
169,posuere_908,6464511182,2019-06-09 00:00:00,1,908
170,nam_198,2140999057,2019-10-01 00:00:00,1,198
171,nisi_436,4213949073,2019-11-09 00:00:00,0,436
172,posuere_448,9090624631,2019-08-10 00:00:00,1,448
173,mauris_493,9768570437,2019-06-15 00:00:00,1,493
174,integer_7,0749392743,2019-05-15 00:00:00,1,7
175,nisi_366,2160404497,2020-02-13 00:00:00,1,366
176,erat_185,0763014586,2020-03-28 00:00:00,1,185
177,massa_663,3257930882,2019-09-19 00:00:00,1,663
178,diam_507,1791939640,2020-02-04 00:00:00,1,507
179,dui_704,0285774663,2020-04-06 00:00:00,1,704
180,lacus_19,3583854257,2019-05-31 00:00:00,1,19
181,montes_616,9137209339,2019-11-03 00:00:00,1,616
182,in_796,4182328881,2020-01-03 00:00:00,0,796
183,elementum_415,1562333876,2019-12-24 00:00:00,1,415
184,sed_443,9787394233,2019-06-17 00:00:00,1,443
185,aliquam_722,6212979661,2020-04-13 00:00:00,1,722
186,eget_342,4136090528,2019-09-24 00:00:00,1,342
187,in_141,6734876228,2019-10-22 00:00:00,0,141
188,lacus_775,2932908434,2020-01-29 00:00:00,1,775
189,magnis_357,6613531608,2019-10-09 00:00:00,1,357
190,a_375,5843530143,2020-02-15 00:00:00,1,375
191,in_683,4709563128,2020-03-31 00:00:00,0,683
192,quam_134,6773614565,2019-05-13 00:00:00,1,134
193,vestibulum_535,9001721094,2020-02-10 00:00:00,1,535
194,potenti_797,6522329710,2020-03-31 00:00:00,0,797
195,ante_442,1242741168,2020-04-17 00:00:00,1,442
196,ac_233,6921055565,2020-02-29 00:00:00,1,233
197,sapien_123,9145481087,2020-01-09 00:00:00,1,123
198,dapibus_176,8199947368,2019-11-04 00:00:00,1,176
199,quis_458,3680581661,2020-04-09 00:00:00,1,458
200,ante_568,6841278129,2019-06-14 00:00:00,1,568
201,augue_397,5671982046,2020-03-25 00:00:00,1,397
202,nisl_811,3370752673,2020-03-11 00:00:00,1,811
203,risus_497,3842763150,2019-06-05 00:00:00,0,497
204,donec_819,6298945185,2020-01-17 00:00:00,1,819
205,eu_39,2835896702,2019-06-20 00:00:00,1,39
206,ullamcorper_605,8994246131,2019-11-13 00:00:00,0,605
207,turpis_473,6704536786,2019-07-31 00:00:00,1,473
208,sit_521,0744797844,2019-11-04 00:00:00,1,521
209,pede_799,3268909560,2020-01-05 00:00:00,1,799
210,pede_616,8822058754,2019-08-21 00:00:00,1,616
211,vestibulum_330,3393710404,2020-03-18 00:00:00,1,330
212,urna_655,0481446042,2019-12-28 00:00:00,0,655
213,in_448,9802551706,2019-06-14 00:00:00,1,448
214,eu_780,2703552718,2020-01-03 00:00:00,1,780
215,ut_903,7389474173,2019-12-15 00:00:00,1,903
216,posuere_981,7854957587,2019-11-20 00:00:00,1,981
217,ullamcorper_996,8813913362,2020-02-10 00:00:00,1,996
218,magnis_3,1028928987,2020-03-24 00:00:00,1,3
219,metus_480,2241048726,2020-03-03 00:00:00,0,480
220,id_436,7595252322,2019-08-03 00:00:00,0,436
221,ligula_764,7273407899,2020-02-10 00:00:00,1,764
222,condimentum_838,6919282773,2019-12-08 00:00:00,1,838
223,ac_839,1875580280,2020-01-31 00:00:00,0,839
224,id_755,5322599226,2019-10-10 00:00:00,1,755
225,facilisi_910,0692526916,2019-06-14 00:00:00,1,910
226,integer_557,2554951535,2019-07-24 00:00:00,1,557
227,suspendisse_761,9006479150,2019-08-04 00:00:00,1,761
228,hac_929,1800094193,2019-06-12 00:00:00,1,929
229,id_515,5892060501,2020-04-03 00:00:00,1,515
230,amet_890,1805702123,2020-03-23 00:00:00,1,890
231,dui_846,7787088644,2019-11-29 00:00:00,0,846
232,auctor_98,5482601416,2019-08-08 00:00:00,0,98
233,vel_691,3776317665,2020-03-06 00:00:00,1,691
234,penatibus_944,8557048910,2019-05-19 00:00:00,1,944
235,augue_103,6590294213,2019-07-03 00:00:00,1,103
236,montes_212,6055762118,2019-09-13 00:00:00,0,212
237,cras_997,7481301679,2019-07-31 00:00:00,1,997
238,purus_162,5227846519,2019-05-27 00:00:00,1,162
239,massa_251,4022959007,2019-10-27 00:00:00,1,251
240,semper_913,5494167148,2019-12-01 00:00:00,1,913
241,risus_870,8151397341,2019-08-14 00:00:00,0,870
242,eros_642,4436555236,2019-12-04 00:00:00,1,642
243,donec_394,7842954051,2019-06-10 00:00:00,0,394
244,eget_495,5314219092,2020-04-20 00:00:00,0,495
245,id_265,4407589198,2020-01-02 00:00:00,0,265
246,eleifend_248,0752032219,2020-03-05 00:00:00,1,248
247,augue_362,1158564824,2020-04-22 00:00:00,1,362
248,ut_138,7115762013,2019-08-08 00:00:00,1,138
249,tincidunt_60,8445557302,2019-10-08 00:00:00,1,60
250,justo_672,3190444835,2019-07-10 00:00:00,1,672
251,magna_528,4042835569,2020-03-25 00:00:00,0,528
252,vestibulum_492,0101493755,2020-03-26 00:00:00,1,492
253,pellentesque_392,0566544864,2019-12-26 00:00:00,0,392
254,urna_590,9615152827,2020-04-28 00:00:00,1,590
255,consequat_901,3003745151,2020-04-26 00:00:00,1,901
256,pede_256,4458920003,2019-10-01 00:00:00,0,256
257,ipsum_37,1127293156,2020-03-13 00:00:00,1,37
258,phasellus_877,1342934910,2020-03-31 00:00:00,1,877
259,ipsum_869,3097000446,2019-10-25 00:00:00,1,869
260,mauris_306,1765467121,2019-11-21 00:00:00,1,306
261,faucibus_488,8599979161,2019-12-15 00:00:00,1,488
262,nibh_560,2707401688,2020-03-25 00:00:00,1,560
263,nam_863,4525717819,2019-06-29 00:00:00,1,863
264,eu_565,3542987297,2019-05-05 00:00:00,1,565
265,consequat_392,9916733424,2019-09-24 00:00:00,0,392
266,pulvinar_953,8269245420,2020-04-20 00:00:00,1,953
267,vulputate_160,7296485301,2019-06-24 00:00:00,1,160
268,ligula_996,4189491673,2019-06-22 00:00:00,1,996
269,eget_69,5672724660,2019-08-27 00:00:00,1,69
270,integer_169,3358532135,2019-10-04 00:00:00,1,169
271,condimentum_543,5286091917,2019-05-25 00:00:00,1,543
272,tincidunt_390,7418587236,2019-10-13 00:00:00,1,390
273,consequat_200,7941786386,2019-07-11 00:00:00,1,200
274,primis_247,3233774879,2020-01-08 00:00:00,1,247
275,aenean_284,7286422014,2019-10-09 00:00:00,1,284
276,nulla_850,8815017883,2020-04-23 00:00:00,0,850
277,libero_44,2380377660,2019-10-09 00:00:00,0,44
278,nisi_169,3104838932,2020-03-16 00:00:00,1,169
279,rutrum_458,5956212175,2020-02-08 00:00:00,1,458
280,et_52,0082800917,2019-12-19 00:00:00,1,52
281,elementum_208,7605559432,2019-06-19 00:00:00,1,208
282,duis_363,6334927268,2020-04-02 00:00:00,1,363
283,lobortis_152,6053256802,2019-05-28 00:00:00,0,152
284,quis_495,3687154381,2019-05-18 00:00:00,1,495
285,pede_178,4230742531,2019-12-16 00:00:00,1,178
286,habitasse_691,7621756316,2020-02-26 00:00:00,1,691
287,venenatis_785,5314624467,2019-05-20 00:00:00,0,785
288,diam_63,7304570740,2019-08-12 00:00:00,0,63
289,consequat_365,5502590412,2019-07-01 00:00:00,0,365
290,quam_766,2903782315,2020-02-08 00:00:00,1,766
291,congue_332,9944744018,2019-10-25 00:00:00,1,332
292,nisi_35,3231741734,2019-11-06 00:00:00,1,35
293,nibh_294,2455334245,2019-07-27 00:00:00,1,294
294,est_212,1464212756,2019-07-24 00:00:00,1,212
295,id_75,1394628030,2020-01-21 00:00:00,0,75
296,volutpat_153,2306769040,2020-03-04 00:00:00,1,153
297,varius_598,6571060674,2019-12-17 00:00:00,1,598
298,elementum_871,3917874301,2019-06-23 00:00:00,0,871
299,lorem_307,6940364873,2019-12-01 00:00:00,1,307
300,dui_362,2755809081,2020-03-14 00:00:00,1,362
301,elit_596,7707614647,2019-10-22 00:00:00,1,596
302,aliquet_257,2632775153,2019-10-19 00:00:00,1,257
303,nibh_448,2077727902,2019-07-30 00:00:00,1,448
304,habitasse_779,3716856685,2020-01-16 00:00:00,1,779
305,ut_319,4210097891,2019-08-29 00:00:00,1,319
306,sed_940,5346751792,2020-02-02 00:00:00,1,940
307,interdum_643,6669656644,2019-08-06 00:00:00,0,643
308,vehicula_941,6782848605,2019-10-23 00:00:00,0,941
309,dolor_784,6568217427,2019-10-21 00:00:00,0,784
310,primis_139,6632387863,2019-08-25 00:00:00,1,139
311,nisi_176,5393255485,2019-05-21 00:00:00,0,176
312,neque_363,3618897049,2020-02-29 00:00:00,1,363
313,augue_541,8357804145,2019-06-22 00:00:00,1,541
314,lacus_815,5096524147,2019-10-05 00:00:00,1,815
315,scelerisque_372,8865547345,2020-01-18 00:00:00,1,372
316,in_972,8060103649,2020-03-03 00:00:00,1,972
317,mi_158,6405017539,2020-02-16 00:00:00,1,158
318,molestie_6,5107211502,2019-11-18 00:00:00,1,6
319,vestibulum_475,5860618958,2020-02-05 00:00:00,1,475
320,integer_840,6360954475,2020-03-15 00:00:00,1,840
321,justo_596,4878944306,2019-07-08 00:00:00,1,596
322,diam_593,5896918179,2019-11-27 00:00:00,1,593
323,libero_401,4386585589,2019-07-29 00:00:00,1,401
324,quam_959,8099953068,2019-05-21 00:00:00,0,959
325,integer_449,0581881551,2019-10-03 00:00:00,1,449
326,cubilia_27,2749121969,2020-04-02 00:00:00,0,27
327,sagittis_101,3046897667,2019-10-16 00:00:00,1,101
328,posuere_73,3286916960,2019-10-06 00:00:00,1,73
329,velit_198,0024228949,2019-11-19 00:00:00,1,198
330,ante_967,8368650875,2019-10-20 00:00:00,1,967
331,a_516,9416731065,2019-06-29 00:00:00,1,516
332,pede_752,2367477306,2019-12-28 00:00:00,1,752
333,nam_184,7136305022,2019-10-12 00:00:00,1,184
334,pede_48,5493487072,2020-03-01 00:00:00,0,48
335,lobortis_859,6179296230,2019-10-18 00:00:00,1,859
336,ultrices_135,6541782201,2020-03-25 00:00:00,1,135
337,donec_4,7839156107,2019-06-08 00:00:00,1,4
338,ligula_991,0766071802,2019-12-04 00:00:00,1,991
339,massa_325,7204857993,2019-06-09 00:00:00,1,325
340,nisl_356,0765762003,2019-05-10 00:00:00,0,356
341,et_454,1253967330,2019-09-21 00:00:00,1,454
342,amet_907,7708671169,2020-01-31 00:00:00,1,907
343,eu_952,7443765196,2020-02-10 00:00:00,1,952
344,viverra_92,3847852424,2019-07-01 00:00:00,1,92
345,nulla_472,7528835926,2019-05-03 00:00:00,1,472
346,feugiat_422,7849124766,2019-11-01 00:00:00,1,422
347,rutrum_852,3282965431,2019-07-18 00:00:00,1,852
348,integer_985,3213804894,2020-03-15 00:00:00,1,985
349,nunc_868,8277905846,2020-01-23 00:00:00,1,868
350,lorem_854,6666757321,2019-10-07 00:00:00,1,854
351,vestibulum_541,8115655910,2020-04-30 00:00:00,1,541
352,nisl_735,6142108234,2020-02-27 00:00:00,1,735
353,felis_882,6420717516,2020-02-01 00:00:00,1,882
354,nisi_201,3159949136,2019-06-25 00:00:00,0,201
355,massa_844,5543370193,2019-06-20 00:00:00,0,844
356,platea_698,6585638734,2020-01-26 00:00:00,1,698
357,morbi_998,3387146449,2019-07-27 00:00:00,1,998
358,porta_579,5490877090,2019-11-01 00:00:00,1,579
359,tincidunt_741,5058577106,2019-06-01 00:00:00,0,741
360,pede_393,7086802007,2020-04-20 00:00:00,1,393
361,tempor_38,9298031001,2019-11-13 00:00:00,1,38
362,nec_907,6998490032,2019-11-12 00:00:00,1,907
363,justo_149,3252953672,2019-05-02 00:00:00,0,149
364,lectus_463,5674175034,2019-08-24 00:00:00,1,463
365,aliquet_693,1912854286,2019-08-02 00:00:00,0,693
366,et_537,4812721750,2020-03-31 00:00:00,1,537
367,pellentesque_771,9441962792,2019-10-22 00:00:00,1,771
368,rutrum_763,8753317844,2020-04-24 00:00:00,1,763
369,et_593,0987339389,2019-12-30 00:00:00,1,593
370,platea_550,7591832604,2019-08-01 00:00:00,1,550
371,aenean_603,5840430811,2019-07-24 00:00:00,0,603
372,vitae_557,9230126513,2019-10-27 00:00:00,1,557
373,pretium_178,8531653763,2019-12-31 00:00:00,0,178
374,in_394,6176675044,2020-04-12 00:00:00,1,394
375,ligula_725,5796145364,2019-10-06 00:00:00,1,725
376,id_802,1978807930,2019-12-30 00:00:00,1,802
377,turpis_724,6417409277,2020-01-02 00:00:00,1,724
378,semper_960,9162266303,2020-03-11 00:00:00,1,960
379,mauris_485,4263456177,2019-09-01 00:00:00,0,485
380,ipsum_280,3392459515,2020-01-19 00:00:00,1,280
381,ut_993,8098596678,2019-08-29 00:00:00,1,993
382,adipiscing_187,1247251774,2020-01-25 00:00:00,1,187
383,aliquet_234,1988537872,2020-01-31 00:00:00,1,234
384,volutpat_463,2518631783,2020-02-13 00:00:00,1,463
385,in_582,4107516841,2020-01-05 00:00:00,1,582
386,dis_94,1274880744,2020-02-26 00:00:00,0,94
387,ante_461,0018601047,2020-01-07 00:00:00,1,461
388,pede_368,3558334524,2019-12-13 00:00:00,1,368
389,semper_42,8809845972,2020-02-25 00:00:00,1,42
390,posuere_238,4428464166,2019-11-27 00:00:00,0,238
391,lacinia_232,5736512415,2019-09-23 00:00:00,1,232
392,non_13,6207570458,2020-02-05 00:00:00,1,13
393,proin_71,5943182285,2019-11-23 00:00:00,1,71
394,potenti_888,8211228635,2019-09-10 00:00:00,1,888
395,congue_557,4037186394,2020-01-02 00:00:00,0,557
396,pharetra_622,9098081735,2019-07-11 00:00:00,1,622
397,pede_869,4712743999,2019-08-16 00:00:00,0,869
398,cubilia_13,5894594136,2019-10-21 00:00:00,1,13
399,morbi_279,3348278814,2019-11-11 00:00:00,1,279
400,ut_484,6736719916,2020-03-18 00:00:00,1,484
401,et_806,5714890613,2019-10-15 00:00:00,1,806
402,ante_622,4594206667,2019-10-09 00:00:00,1,622
403,ut_219,9904983776,2019-07-26 00:00:00,1,219
404,convallis_161,5371182642,2020-02-27 00:00:00,1,161
405,nec_519,6537890552,2019-10-24 00:00:00,1,519
406,morbi_537,5734921161,2020-02-13 00:00:00,1,537
407,nec_122,2016734302,2019-07-25 00:00:00,1,122
408,morbi_680,9224726996,2020-04-04 00:00:00,1,680
409,sapien_456,4844468130,2019-10-07 00:00:00,1,456
410,in_623,0539415917,2019-12-02 00:00:00,1,623
411,sollicitudin_702,8310704186,2019-12-30 00:00:00,0,702
412,pharetra_404,0595294211,2019-07-25 00:00:00,0,404
413,vestibulum_655,5719460666,2020-02-26 00:00:00,0,655
414,nam_171,9240684037,2019-05-04 00:00:00,1,171
415,sem_765,2003919701,2020-01-26 00:00:00,1,765
416,sapien_773,1173381598,2019-11-10 00:00:00,1,773
417,imperdiet_800,6941465050,2020-03-08 00:00:00,1,800
418,ac_772,6485645875,2020-03-18 00:00:00,1,772
419,aenean_843,0477286726,2019-12-07 00:00:00,1,843
420,mauris_765,7635356490,2019-05-31 00:00:00,0,765
421,duis_529,3841772618,2019-09-13 00:00:00,1,529
422,vehicula_499,7790412586,2019-05-26 00:00:00,1,499
423,arcu_564,1165597858,2019-06-10 00:00:00,1,564
424,amet_86,8873608591,2019-12-28 00:00:00,0,86
425,augue_626,7742760819,2019-06-06 00:00:00,1,626
426,blandit_506,2425117530,2019-11-17 00:00:00,1,506
427,nullam_237,8456052746,2019-11-19 00:00:00,1,237
428,viverra_185,2807389879,2020-02-14 00:00:00,1,185
429,lacus_820,4637685013,2019-08-12 00:00:00,1,820
430,curabitur_187,7576981725,2020-02-13 00:00:00,1,187
431,mauris_989,6748483505,2020-02-02 00:00:00,1,989
432,proin_506,5288908041,2020-02-17 00:00:00,1,506
433,ante_867,5476284287,2020-04-19 00:00:00,1,867
434,arcu_643,1449186958,2020-03-31 00:00:00,1,643
435,sed_404,9869508755,2020-03-13 00:00:00,1,404
436,luctus_533,0937283914,2020-01-05 00:00:00,1,533
437,nunc_567,2519178892,2020-02-26 00:00:00,0,567
438,platea_174,1567972494,2019-10-14 00:00:00,1,174
439,in_838,7406865927,2019-11-30 00:00:00,1,838
440,iaculis_787,0433147176,2019-07-02 00:00:00,1,787
441,sapien_490,1165145417,2020-01-31 00:00:00,0,490
442,sed_440,8306898570,2020-03-07 00:00:00,0,440
443,nullam_399,3112258598,2020-04-28 00:00:00,1,399
444,aliquet_671,8410349349,2019-06-28 00:00:00,1,671
445,rutrum_407,2921808021,2019-11-22 00:00:00,1,407
446,sed_667,2775068208,2019-11-13 00:00:00,1,667
447,tortor_672,9078734376,2019-11-27 00:00:00,0,672
448,amet_395,7665220202,2020-04-17 00:00:00,0,395
449,nisl_982,6118137544,2019-10-01 00:00:00,1,982
450,orci_82,7773822312,2019-10-30 00:00:00,1,82
451,odio_417,9351563535,2019-06-26 00:00:00,0,417
452,sagittis_531,4340123013,2020-02-06 00:00:00,1,531
453,purus_531,4603626593,2019-07-26 00:00:00,0,531
454,condimentum_531,9323354349,2019-11-15 00:00:00,1,531
455,sit_587,8781767289,2019-12-17 00:00:00,1,587
456,dictumst_787,0495118002,2020-03-24 00:00:00,0,787
457,id_374,2854020075,2020-03-17 00:00:00,1,374
458,maecenas_637,4247584250,2019-08-08 00:00:00,1,637
459,lectus_478,7629914455,2019-06-01 00:00:00,1,478
460,morbi_529,2040595813,2019-05-23 00:00:00,1,529
461,nibh_115,5139673517,2020-03-24 00:00:00,1,115
462,imperdiet_425,8460750012,2019-11-11 00:00:00,1,425
463,amet_991,9155107275,2020-01-31 00:00:00,0,991
464,ut_215,4477356759,2019-07-05 00:00:00,1,215
465,nam_726,2058363409,2019-07-16 00:00:00,1,726
466,justo_568,7654900284,2019-11-12 00:00:00,0,568
467,amet_819,0885885433,2020-03-16 00:00:00,1,819
468,orci_594,0248777891,2020-01-11 00:00:00,1,594
469,sollicitudin_63,1255506674,2019-08-21 00:00:00,1,63
470,in_777,2327645799,2019-12-16 00:00:00,1,777
471,etiam_852,0832629439,2019-10-12 00:00:00,1,852
472,id_365,1917128139,2020-03-12 00:00:00,1,365
473,a_494,4633926909,2019-12-12 00:00:00,0,494
474,augue_356,8495611392,2020-03-28 00:00:00,1,356
475,vitae_645,2315016172,2019-05-23 00:00:00,1,645
476,porttitor_345,1083092193,2020-03-02 00:00:00,1,345
477,habitasse_256,7249440201,2019-10-19 00:00:00,1,256
478,nunc_297,5263134752,2020-02-04 00:00:00,1,297
479,ut_906,7357840357,2019-11-04 00:00:00,1,906
480,eleifend_830,2651849483,2019-05-28 00:00:00,1,830
481,commodo_823,7276808876,2020-03-02 00:00:00,0,823
482,auctor_832,0313029560,2019-07-08 00:00:00,1,832
483,gravida_523,5536037695,2020-01-15 00:00:00,1,523
484,sagittis_738,8806010641,2020-03-08 00:00:00,1,738
485,potenti_591,4499422160,2019-09-04 00:00:00,1,591
486,vestibulum_442,2682653833,2020-03-13 00:00:00,1,442
487,imperdiet_620,8474139565,2019-05-29 00:00:00,1,620
488,quis_816,1051951403,2020-04-15 00:00:00,0,816
489,suspendisse_797,3900495947,2019-05-08 00:00:00,1,797
490,et_570,2614156183,2019-09-28 00:00:00,0,570
491,id_547,2700899156,2019-05-21 00:00:00,0,547
492,duis_219,9162697087,2019-07-16 00:00:00,1,219
493,sem_760,3904077785,2019-12-05 00:00:00,1,760
494,sem_182,8146941583,2020-03-17 00:00:00,0,182
495,non_805,8784715355,2019-07-18 00:00:00,1,805
496,eros_644,6554068305,2019-06-09 00:00:00,1,644
497,sociis_73,8255565754,2019-05-27 00:00:00,0,73
498,dictumst_520,7650830267,2020-01-17 00:00:00,1,520
499,nullam_192,9721289429,2020-01-23 00:00:00,1,192
500,odio_990,6741371593,2020-02-05 00:00:00,1,990
501,tincidunt_775,8398754680,2020-02-09 00:00:00,0,775
502,in_136,7979687462,2020-04-03 00:00:00,1,136
503,odio_18,6094472899,2019-08-27 00:00:00,1,18
504,vestibulum_424,9057365283,2019-09-03 00:00:00,0,424
505,penatibus_237,3610709232,2019-06-11 00:00:00,1,237
506,sapien_877,6281082804,2019-06-12 00:00:00,1,877
507,justo_220,7733109680,2019-11-02 00:00:00,1,220
508,mattis_194,2557799128,2019-10-18 00:00:00,1,194
509,luctus_942,6923503689,2020-04-22 00:00:00,1,942
510,pretium_400,5710004787,2019-10-22 00:00:00,1,400
511,sapien_462,8942781613,2019-08-01 00:00:00,0,462
512,et_524,6933490669,2020-03-26 00:00:00,1,524
513,sagittis_439,1263567572,2019-11-21 00:00:00,1,439
514,est_951,4413366920,2019-07-28 00:00:00,1,951
515,odio_871,7397032299,2020-01-01 00:00:00,1,871
516,urna_526,2589969171,2019-08-05 00:00:00,1,526
517,duis_938,1091186610,2020-03-14 00:00:00,1,938
518,velit_480,8630502854,2019-08-24 00:00:00,1,480
519,curae_611,6933555448,2019-12-01 00:00:00,1,611
520,odio_944,9885781244,2019-10-13 00:00:00,1,944
521,cras_199,5765434012,2019-09-01 00:00:00,1,199
522,erat_224,0120501029,2019-09-11 00:00:00,1,224
523,iaculis_367,6551010558,2019-11-14 00:00:00,0,367
524,massa_806,5990463238,2020-02-29 00:00:00,0,806
525,volutpat_824,3731220594,2019-06-17 00:00:00,1,824
526,sapien_313,1753924188,2019-11-13 00:00:00,1,313
527,dui_558,7730912837,2019-09-21 00:00:00,1,558
528,nam_979,0020921659,2019-09-04 00:00:00,1,979
529,tincidunt_181,6558718692,2019-07-23 00:00:00,1,181
530,in_862,6636365678,2019-05-14 00:00:00,0,862
531,in_963,4131327718,2020-01-27 00:00:00,1,963
532,dui_735,9103187773,2019-12-09 00:00:00,1,735
533,facilisi_609,6771936832,2019-12-26 00:00:00,0,609
534,donec_389,3538325873,2019-07-22 00:00:00,1,389
535,quis_393,6764004649,2019-08-19 00:00:00,1,393
536,metus_517,8485130672,2019-10-04 00:00:00,1,517
537,amet_156,5969507524,2019-06-20 00:00:00,1,156
538,morbi_580,1538730315,2020-02-05 00:00:00,1,580
539,vulputate_815,8371619753,2019-11-10 00:00:00,1,815
540,ante_694,8062253011,2019-09-10 00:00:00,1,694
541,fusce_786,3492744711,2019-07-19 00:00:00,0,786
542,metus_454,4011479104,2019-06-17 00:00:00,1,454
543,adipiscing_4,3649424950,2020-02-05 00:00:00,1,4
544,bibendum_50,3887046665,2019-12-31 00:00:00,1,50
545,ac_890,0089417186,2019-09-11 00:00:00,1,890
546,porttitor_934,3289035697,2019-08-25 00:00:00,1,934
547,justo_893,4932969550,2019-09-08 00:00:00,1,893
548,turpis_884,1156077368,2020-03-27 00:00:00,0,884
549,id_562,6806013385,2019-09-26 00:00:00,1,562
550,elit_387,1552039511,2019-10-07 00:00:00,1,387
551,integer_752,3668850445,2019-12-06 00:00:00,1,752
552,a_998,6762880981,2019-08-01 00:00:00,0,998
553,platea_57,7672454926,2019-09-18 00:00:00,1,57
554,pellentesque_552,6575943116,2019-08-06 00:00:00,1,552
555,amet_148,2925099681,2019-09-05 00:00:00,1,148
556,enim_991,8883873262,2019-10-10 00:00:00,1,991
557,ante_780,8017889593,2020-03-14 00:00:00,1,780
558,nascetur_322,9518939149,2020-01-29 00:00:00,1,322
559,sem_49,6865625658,2020-04-26 00:00:00,0,49
560,eget_382,4294693285,2019-10-29 00:00:00,1,382
561,molestie_44,9919342403,2019-12-07 00:00:00,1,44
562,non_218,7336173744,2019-09-05 00:00:00,1,218
563,etiam_37,7478138710,2019-05-12 00:00:00,1,37
564,at_46,0747059540,2019-05-16 00:00:00,1,46
565,nulla_498,8226787598,2020-03-22 00:00:00,1,498
566,morbi_626,4386658628,2020-03-26 00:00:00,1,626
567,maecenas_626,8142416384,2019-07-03 00:00:00,1,626
568,sed_127,5446236004,2020-02-01 00:00:00,1,127
569,facilisi_118,0568569193,2020-03-07 00:00:00,0,118
570,convallis_920,1370268059,2019-11-14 00:00:00,0,920
571,ridiculus_428,8734622928,2020-04-26 00:00:00,1,428
572,gravida_480,2056252765,2019-11-14 00:00:00,1,480
573,purus_882,4655692853,2019-11-22 00:00:00,1,882
574,amet_291,0969978680,2019-10-28 00:00:00,0,291
575,suspendisse_190,6227965706,2019-12-15 00:00:00,0,190
576,diam_67,3086816169,2019-07-24 00:00:00,1,67
577,etiam_614,3633289020,2020-01-20 00:00:00,0,614
578,ac_108,4038407487,2020-04-15 00:00:00,0,108
579,eget_441,7208995058,2019-12-23 00:00:00,1,441
580,curae_277,6434639974,2019-06-10 00:00:00,1,277
581,sagittis_990,2736511298,2019-08-22 00:00:00,1,990
582,volutpat_808,2691192207,2019-10-27 00:00:00,1,808
583,nec_550,0948483815,2019-09-24 00:00:00,1,550
584,eget_31,7575809430,2020-04-14 00:00:00,1,31
585,scelerisque_933,5046343057,2020-02-27 00:00:00,0,933
586,tincidunt_654,4685608223,2019-05-04 00:00:00,1,654
587,felis_988,7908980025,2019-06-12 00:00:00,1,988
588,mus_362,7335387570,2019-07-18 00:00:00,1,362
589,velit_333,2233999860,2019-05-23 00:00:00,1,333
590,pede_917,5437631155,2019-08-27 00:00:00,1,917
591,consequat_656,8137492574,2020-03-15 00:00:00,1,656
592,rhoncus_346,0219534925,2020-04-12 00:00:00,1,346
593,sodales_954,1461585884,2020-01-07 00:00:00,0,954
594,at_62,7744484096,2020-04-13 00:00:00,1,62
595,eleifend_631,8611584425,2019-09-17 00:00:00,1,631
596,eu_563,6230425195,2020-03-28 00:00:00,1,563
597,diam_675,1679808863,2019-10-08 00:00:00,1,675
598,id_38,3164721481,2019-12-18 00:00:00,1,38
599,lacinia_948,5231954713,2019-10-26 00:00:00,1,948
600,duis_392,1158519837,2019-08-02 00:00:00,1,392
601,mollis_229,3365986930,2019-10-28 00:00:00,1,229
602,habitasse_477,9147257322,2020-03-20 00:00:00,1,477
603,maecenas_574,5989136409,2019-08-01 00:00:00,1,574
604,pede_972,7183176857,2019-08-21 00:00:00,1,972
605,donec_536,2389584669,2019-06-25 00:00:00,1,536
606,ultrices_949,1150499706,2019-12-30 00:00:00,0,949
607,malesuada_881,5921490654,2019-10-27 00:00:00,1,881
608,accumsan_423,1790607856,2020-03-03 00:00:00,1,423
609,mi_251,3472536490,2020-02-27 00:00:00,1,251
610,fusce_310,5482662346,2019-05-07 00:00:00,1,310
611,at_380,1983742245,2020-03-07 00:00:00,1,380
612,nulla_115,4234801442,2019-05-10 00:00:00,1,115
613,dui_636,4885668212,2020-04-16 00:00:00,1,636
614,tempus_246,1753964524,2020-01-06 00:00:00,0,246
615,lectus_249,9761599306,2020-04-12 00:00:00,1,249
616,aliquam_775,9607703312,2020-03-26 00:00:00,1,775
617,id_717,4074732978,2019-09-17 00:00:00,1,717
618,libero_7,1442600783,2019-10-14 00:00:00,1,7
619,quisque_660,0990772965,2020-01-26 00:00:00,1,660
620,ullamcorper_697,2868863037,2019-06-03 00:00:00,1,697
621,vestibulum_907,4851838102,2019-12-05 00:00:00,1,907
622,magna_152,9946972536,2020-01-24 00:00:00,0,152
623,potenti_434,4897005142,2019-06-14 00:00:00,1,434
624,odio_91,8347927291,2020-03-24 00:00:00,0,91
625,sagittis_525,1973823479,2019-05-15 00:00:00,0,525
626,suspendisse_514,2774345844,2019-05-09 00:00:00,1,514
627,ut_487,1453799149,2019-09-20 00:00:00,1,487
628,ac_84,7021061047,2019-10-17 00:00:00,1,84
629,luctus_259,3268585917,2019-12-25 00:00:00,1,259
630,tempus_196,0028911431,2019-09-20 00:00:00,0,196
631,volutpat_315,7432435561,2019-11-08 00:00:00,1,315
632,urna_572,2125789328,2019-05-26 00:00:00,0,572
633,augue_232,1348360957,2019-05-12 00:00:00,1,232
634,est_6,3481287295,2020-03-25 00:00:00,1,6
635,justo_922,5116034550,2020-03-16 00:00:00,1,922
636,curabitur_468,5899383192,2019-10-28 00:00:00,1,468
637,turpis_837,0492893380,2019-09-16 00:00:00,1,837
638,orci_937,3654867607,2020-04-29 00:00:00,1,937
639,augue_467,9567882727,2020-02-11 00:00:00,0,467
640,ipsum_442,3422827767,2019-06-07 00:00:00,1,442
641,eu_180,7004879622,2019-10-20 00:00:00,1,180
642,ultricies_465,2959088823,2020-03-26 00:00:00,1,465
643,luctus_930,9450643055,2019-05-11 00:00:00,1,930
644,non_42,6177274795,2019-12-23 00:00:00,1,42
645,a_806,4796362012,2020-03-11 00:00:00,1,806
646,vel_268,0017264498,2019-10-03 00:00:00,1,268
647,in_760,4435944620,2020-03-17 00:00:00,1,760
648,dapibus_752,6075303307,2019-08-08 00:00:00,1,752
649,ut_979,2366253906,2019-10-12 00:00:00,0,979
650,turpis_821,9351766049,2020-01-20 00:00:00,0,821
651,eget_225,8836432194,2019-11-19 00:00:00,1,225
652,sollicitudin_725,7156706649,2019-11-29 00:00:00,0,725
653,a_116,2604974806,2019-09-09 00:00:00,1,116
654,sapien_427,8000663926,2020-03-28 00:00:00,0,427
655,imperdiet_552,2839748527,2019-07-06 00:00:00,0,552
656,sapien_633,0865400509,2020-03-12 00:00:00,1,633
657,et_347,9148802261,2020-02-09 00:00:00,1,347
658,posuere_9,4804763447,2019-07-26 00:00:00,1,9
659,convallis_630,3684046991,2019-07-20 00:00:00,0,630
660,nibh_223,0590845356,2019-12-28 00:00:00,1,223
661,in_609,9230431839,2019-10-11 00:00:00,1,609
662,purus_843,2881731070,2020-03-08 00:00:00,1,843
663,eget_951,1145513072,2019-09-26 00:00:00,1,951
664,gravida_320,4854567033,2019-06-19 00:00:00,1,320
665,lacus_301,2563944771,2019-12-12 00:00:00,1,301
666,turpis_391,5099472691,2019-11-18 00:00:00,0,391
667,vulputate_628,0409202588,2020-01-19 00:00:00,1,628
668,sed_645,0062398056,2019-12-26 00:00:00,0,645
669,ullamcorper_165,3266983171,2020-03-05 00:00:00,1,165
670,diam_200,9953488810,2019-10-21 00:00:00,1,200
671,ultrices_128,0459731121,2020-01-11 00:00:00,1,128
672,diam_177,3643604001,2019-11-18 00:00:00,1,177
673,quam_3,8981353614,2019-06-14 00:00:00,0,3
674,turpis_943,3178314407,2019-07-05 00:00:00,1,943
675,amet_385,0394187029,2019-08-11 00:00:00,1,385
676,vel_115,9031019745,2020-02-02 00:00:00,0,115
677,accumsan_817,4662268940,2020-04-06 00:00:00,1,817
678,libero_363,1799225734,2019-05-05 00:00:00,1,363
679,aliquet_892,5694257540,2019-12-14 00:00:00,1,892
680,ac_698,6807220536,2020-02-11 00:00:00,1,698
681,augue_691,3107733964,2020-01-24 00:00:00,1,691
682,nonummy_441,6733287531,2019-11-09 00:00:00,1,441
683,vulputate_144,5289233016,2020-01-28 00:00:00,0,144
684,pellentesque_992,9065392067,2019-11-09 00:00:00,0,992
685,dignissim_655,4866419373,2020-04-25 00:00:00,0,655
686,pede_704,6664817975,2019-10-03 00:00:00,1,704
687,viverra_767,4017473557,2019-05-17 00:00:00,0,767
688,nunc_686,3433738403,2020-02-05 00:00:00,1,686
689,nonummy_942,3588788942,2020-04-06 00:00:00,1,942
690,libero_107,9645455196,2020-03-14 00:00:00,1,107
691,libero_142,6098954357,2019-09-02 00:00:00,1,142
692,sit_343,3360644835,2019-08-14 00:00:00,1,343
693,pellentesque_120,9900563015,2020-04-22 00:00:00,0,120
694,nibh_163,5619042713,2019-10-22 00:00:00,1,163
695,auctor_262,6476425256,2019-12-23 00:00:00,1,262
696,semper_190,6973000090,2019-12-25 00:00:00,1,190
697,pellentesque_987,3102859619,2019-07-07 00:00:00,1,987
698,in_744,4193055394,2020-04-07 00:00:00,0,744
699,convallis_403,4248069311,2019-11-02 00:00:00,0,403
700,magna_444,8682247764,2019-11-21 00:00:00,1,444
701,donec_251,6755766324,2020-04-20 00:00:00,0,251
702,vivamus_617,8586035893,2020-02-06 00:00:00,1,617
703,iaculis_175,8508037196,2019-08-08 00:00:00,1,175
704,eu_465,2629678840,2019-11-13 00:00:00,1,465
705,lectus_473,6759638283,2019-09-08 00:00:00,1,473
706,a_861,4767218778,2019-09-17 00:00:00,1,861
707,suspendisse_29,7086182989,2019-10-01 00:00:00,1,29
708,sociis_327,0286545969,2019-11-19 00:00:00,1,327
709,quis_52,4121588740,2020-01-06 00:00:00,1,52
710,rutrum_983,5922693771,2020-04-19 00:00:00,0,983
711,ultrices_866,8845365843,2019-10-06 00:00:00,1,866
712,nunc_90,8769765047,2020-03-11 00:00:00,0,90
713,vestibulum_5,0624443896,2019-08-16 00:00:00,1,5
714,dapibus_113,9746958471,2019-07-17 00:00:00,1,113
715,volutpat_889,8085884325,2019-05-31 00:00:00,1,889
716,in_266,1723662359,2020-03-20 00:00:00,1,266
717,nullam_783,6992332337,2019-10-22 00:00:00,1,783
718,sed_889,2838702138,2020-02-23 00:00:00,1,889
719,arcu_344,6477285670,2019-11-26 00:00:00,1,344
720,id_392,4178903247,2019-10-17 00:00:00,0,392
721,vel_290,9328954426,2019-10-22 00:00:00,0,290
722,interdum_214,2840968547,2020-01-04 00:00:00,1,214
723,eu_186,6679393569,2019-12-30 00:00:00,0,186
724,eros_273,8501307195,2020-02-29 00:00:00,1,273
725,erat_895,3692923193,2019-11-19 00:00:00,1,895
726,vel_574,4024568716,2020-02-06 00:00:00,1,574
727,iaculis_164,8812381494,2019-11-07 00:00:00,1,164
728,consequat_16,4725344590,2019-06-18 00:00:00,1,16
729,sociis_523,5840049542,2020-01-28 00:00:00,1,523
730,nulla_241,0577807113,2019-07-30 00:00:00,1,241
731,ante_956,1771226217,2019-05-18 00:00:00,1,956
732,dictumst_293,3408679651,2019-09-07 00:00:00,1,293
733,sed_925,7652775431,2020-04-29 00:00:00,1,925
734,sem_564,7501348782,2019-10-31 00:00:00,0,564
735,congue_108,0956783349,2019-12-17 00:00:00,1,108
736,non_862,8008895590,2019-06-13 00:00:00,1,862
737,lacus_799,8401527184,2019-08-25 00:00:00,1,799
738,proin_897,4406552286,2019-11-06 00:00:00,1,897
739,tristique_354,6361497422,2020-03-09 00:00:00,1,354
740,lacus_72,2028353203,2020-01-21 00:00:00,1,72
741,varius_125,4956841368,2019-08-11 00:00:00,0,125
742,ut_293,1880481812,2020-03-24 00:00:00,1,293
743,non_812,0866007984,2020-03-10 00:00:00,1,812
744,faucibus_985,4481860982,2020-01-16 00:00:00,1,985
745,leo_933,1227481022,2020-01-24 00:00:00,1,933
746,sed_955,8170707843,2019-08-07 00:00:00,0,955
747,porta_554,6702251974,2019-12-30 00:00:00,0,554
748,nullam_490,6894330272,2019-05-03 00:00:00,1,490
749,in_475,0774050379,2019-12-30 00:00:00,0,475
750,luctus_320,8907091218,2019-08-15 00:00:00,1,320
751,phasellus_984,5756239598,2020-04-12 00:00:00,1,984
752,pede_573,4100867391,2019-06-06 00:00:00,0,573
753,et_568,2052848515,2019-08-09 00:00:00,1,568
754,vitae_976,0272861392,2020-04-04 00:00:00,0,976
755,dis_941,8603176691,2020-01-23 00:00:00,1,941
756,nullam_642,6355533825,2019-12-16 00:00:00,1,642
757,convallis_726,8451630367,2020-03-18 00:00:00,0,726
758,orci_631,0161053309,2019-05-03 00:00:00,1,631
759,habitasse_790,0304792746,2020-03-12 00:00:00,0,790
760,et_907,8649192718,2019-10-12 00:00:00,1,907
761,non_918,3118975181,2019-09-15 00:00:00,0,918
762,justo_241,8893646097,2019-06-11 00:00:00,1,241
763,diam_458,7225674511,2019-10-23 00:00:00,1,458
764,ipsum_382,5776715617,2019-10-23 00:00:00,1,382
765,nunc_2,7561322211,2019-05-19 00:00:00,1,2
766,eros_554,5346249080,2020-02-28 00:00:00,1,554
767,felis_460,6933629269,2020-01-17 00:00:00,1,460
768,tristique_674,0586455691,2019-05-16 00:00:00,1,674
769,pellentesque_113,4176830321,2019-08-18 00:00:00,1,113
770,id_118,3136587911,2019-11-06 00:00:00,1,118
771,congue_55,6815960891,2020-04-13 00:00:00,1,55
772,duis_341,2559282558,2019-06-28 00:00:00,1,341
773,consequat_632,4043508702,2019-06-10 00:00:00,1,632
774,id_676,5785928679,2020-03-30 00:00:00,1,676
775,accumsan_123,6908147524,2019-11-24 00:00:00,0,123
776,massa_873,7715565108,2019-06-24 00:00:00,1,873
777,etiam_168,9387674399,2019-11-29 00:00:00,1,168
778,ante_805,5073153738,2019-08-01 00:00:00,1,805
779,mi_481,6681540836,2019-12-15 00:00:00,1,481
780,volutpat_607,5197454049,2020-02-24 00:00:00,1,607
781,turpis_383,6229511015,2019-12-22 00:00:00,1,383
782,pretium_39,7579421309,2019-07-06 00:00:00,1,39
783,interdum_952,0782487946,2020-01-16 00:00:00,1,952
784,placerat_195,3063013711,2019-12-15 00:00:00,1,195
785,pellentesque_629,2082354798,2019-09-08 00:00:00,0,629
786,a_709,3396078714,2019-07-04 00:00:00,1,709
787,faucibus_299,9564931372,2019-08-12 00:00:00,1,299
788,justo_656,2652004787,2019-07-03 00:00:00,1,656
789,vestibulum_15,0233443779,2019-07-13 00:00:00,1,15
790,nulla_214,2656974106,2019-10-29 00:00:00,1,214
791,dapibus_357,1442286016,2019-12-08 00:00:00,1,357
792,augue_132,9313248855,2019-10-24 00:00:00,1,132
793,lacinia_753,7503389257,2020-02-04 00:00:00,1,753
794,cras_637,5039746761,2019-09-07 00:00:00,1,637
795,tincidunt_911,8632012024,2020-03-03 00:00:00,1,911
796,orci_908,3252529853,2019-05-28 00:00:00,1,908
797,rutrum_470,6402921220,2020-04-08 00:00:00,1,470
798,vestibulum_536,1794112285,2020-03-10 00:00:00,1,536
799,pulvinar_905,3488066203,2019-06-30 00:00:00,1,905
800,erat_212,9599801196,2019-05-09 00:00:00,1,212
801,nam_935,7520863225,2019-05-23 00:00:00,1,935
802,maecenas_493,7456573504,2019-10-16 00:00:00,0,493
803,donec_728,5152674522,2019-06-16 00:00:00,1,728
804,in_544,0746967293,2020-03-29 00:00:00,1,544
805,interdum_452,5236554070,2019-10-23 00:00:00,1,452
806,donec_750,6711998248,2019-11-01 00:00:00,1,750
807,proin_878,9749363590,2020-02-13 00:00:00,1,878
808,pharetra_861,7586083159,2019-06-11 00:00:00,0,861
809,fringilla_150,9864760764,2019-05-21 00:00:00,1,150
810,sapien_972,4485944362,2019-05-11 00:00:00,1,972
811,massa_660,3981986312,2019-07-29 00:00:00,1,660
812,morbi_825,8977930384,2019-06-22 00:00:00,1,825
813,pretium_253,0797446819,2019-10-28 00:00:00,1,253
814,id_788,0298715563,2019-07-28 00:00:00,1,788
815,quisque_295,4690967819,2019-10-13 00:00:00,1,295
816,bibendum_759,1038340206,2019-06-03 00:00:00,1,759
817,eros_952,1097598128,2019-11-18 00:00:00,1,952
818,proin_116,2062969015,2019-11-22 00:00:00,1,116
819,ut_618,0371869471,2020-03-15 00:00:00,0,618
820,gravida_422,2765798611,2020-01-24 00:00:00,1,422
821,at_968,3950706482,2019-11-16 00:00:00,1,968
822,quam_666,7291899843,2019-10-24 00:00:00,1,666
823,donec_902,1101123109,2020-04-28 00:00:00,1,902
824,nibh_544,1266508179,2020-03-05 00:00:00,1,544
825,urna_435,5117312821,2019-12-11 00:00:00,1,435
826,integer_771,3570755402,2019-06-05 00:00:00,0,771
827,elementum_609,1435909228,2020-02-26 00:00:00,1,609
828,ac_161,9516566968,2019-08-21 00:00:00,1,161
829,aliquam_422,2473399970,2020-04-08 00:00:00,1,422
830,maecenas_107,4699252802,2019-09-17 00:00:00,1,107
831,id_860,2964765044,2019-07-06 00:00:00,1,860
832,nullam_433,8094742883,2019-05-08 00:00:00,1,433
833,aliquet_987,5514263920,2019-06-28 00:00:00,1,987
834,posuere_861,9042122979,2019-05-07 00:00:00,1,861
835,sed_413,3159427335,2019-08-08 00:00:00,1,413
836,convallis_641,7067900328,2019-05-19 00:00:00,0,641
837,rutrum_925,9345695583,2019-10-15 00:00:00,1,925
838,ultrices_455,6370590546,2020-02-22 00:00:00,1,455
839,augue_994,0187897477,2019-08-30 00:00:00,1,994
840,orci_365,6300910209,2019-05-20 00:00:00,1,365
841,erat_727,2571510949,2019-06-13 00:00:00,1,727
842,luctus_590,9153207660,2019-11-18 00:00:00,1,590
843,volutpat_244,1634027106,2019-12-01 00:00:00,1,244
844,volutpat_996,7696174566,2019-06-18 00:00:00,1,996
845,vestibulum_681,3548880293,2019-07-23 00:00:00,1,681
846,integer_89,5782864833,2019-12-22 00:00:00,1,89
847,hac_403,3195012473,2019-11-11 00:00:00,1,403
848,fusce_191,7875508847,2020-02-01 00:00:00,1,191
849,quis_404,0330263236,2019-12-13 00:00:00,0,404
850,nunc_396,9949283415,2020-03-30 00:00:00,1,396
851,dictumst_26,7425499441,2019-09-18 00:00:00,1,26
852,platea_211,5207987610,2019-05-19 00:00:00,0,211
853,at_599,6518879140,2020-01-18 00:00:00,0,599
854,neque_443,3025185328,2019-10-31 00:00:00,1,443
855,est_79,1274392897,2020-02-08 00:00:00,1,79
856,maecenas_474,0663247333,2019-11-13 00:00:00,1,474
857,libero_204,8532486013,2020-01-24 00:00:00,1,204
858,libero_116,3441905700,2019-11-29 00:00:00,1,116
859,vel_372,8014056040,2019-05-17 00:00:00,1,372
860,metus_626,7326858279,2019-10-05 00:00:00,1,626
861,vivamus_986,5252640286,2019-05-29 00:00:00,1,986
862,morbi_803,5030982037,2020-03-11 00:00:00,1,803
863,lorem_475,5239346330,2019-05-23 00:00:00,1,475
864,magna_728,5481986774,2019-10-07 00:00:00,1,728
865,augue_180,8316714392,2020-04-02 00:00:00,1,180
866,sit_873,2920573888,2019-08-31 00:00:00,0,873
867,adipiscing_30,4342300435,2019-12-14 00:00:00,1,30
868,vel_5,5565887224,2019-08-15 00:00:00,0,5
869,magna_616,2169110524,2020-04-09 00:00:00,1,616
870,pretium_945,1139183107,2019-09-19 00:00:00,1,945
871,molestie_993,9519634025,2019-11-07 00:00:00,1,993
872,odio_14,8806253135,2020-01-12 00:00:00,1,14
873,lorem_637,4528506319,2019-08-08 00:00:00,1,637
874,malesuada_307,7497655956,2020-02-28 00:00:00,1,307
875,tempus_727,3450726780,2019-12-13 00:00:00,0,727
876,neque_717,5441774332,2020-04-16 00:00:00,1,717
877,imperdiet_566,7489655187,2020-04-30 00:00:00,1,566
878,libero_261,0372314720,2019-08-06 00:00:00,1,261
879,tristique_664,5741683805,2019-09-03 00:00:00,0,664
880,eleifend_576,7784803981,2019-10-09 00:00:00,1,576
881,aliquet_489,6628966931,2019-08-19 00:00:00,0,489
882,cum_696,1305908886,2020-01-10 00:00:00,1,696
883,nam_337,4445487577,2019-10-14 00:00:00,0,337
884,nunc_620,7135531355,2019-05-21 00:00:00,1,620
885,nunc_908,5013277184,2019-07-01 00:00:00,1,908
886,duis_262,2878867396,2019-10-05 00:00:00,1,262
887,orci_390,6271452015,2019-07-18 00:00:00,1,390
888,quis_638,0946156281,2019-12-06 00:00:00,1,638
889,porttitor_601,8151912141,2019-06-13 00:00:00,1,601
890,nunc_794,6334790272,2019-10-12 00:00:00,1,794
891,in_967,6303408544,2019-10-03 00:00:00,1,967
892,ipsum_295,1794657149,2020-03-14 00:00:00,1,295
893,nonummy_902,5321398095,2020-01-05 00:00:00,1,902
894,eleifend_310,5829987587,2019-08-18 00:00:00,1,310
895,orci_258,9865254946,2020-04-19 00:00:00,1,258
896,erat_362,4777910562,2019-05-09 00:00:00,1,362
897,auctor_951,8635383528,2019-09-18 00:00:00,1,951
898,posuere_657,9523476422,2019-08-12 00:00:00,1,657
899,eu_968,2407293763,2019-11-27 00:00:00,1,968
900,tempus_530,0148426113,2019-08-02 00:00:00,0,530
901,sem_665,4510896539,2019-07-14 00:00:00,1,665
902,sed_92,4122737884,2020-04-12 00:00:00,1,92
903,quam_105,6560645278,2019-11-20 00:00:00,1,105
904,ipsum_923,4202812949,2019-11-27 00:00:00,1,923
905,elementum_363,1908202890,2019-08-21 00:00:00,1,363
906,eget_636,0496904123,2019-10-09 00:00:00,1,636
907,volutpat_61,3409709051,2019-12-31 00:00:00,0,61
908,erat_470,2158045448,2019-07-01 00:00:00,1,470
909,erat_785,6830327801,2019-12-02 00:00:00,1,785
910,sagittis_245,3922820289,2020-03-02 00:00:00,1,245
911,libero_399,5046642933,2019-05-07 00:00:00,1,399
912,et_646,0358690591,2020-01-28 00:00:00,1,646
913,nec_143,4477417574,2019-12-31 00:00:00,1,143
914,ultrices_476,6055348400,2019-10-05 00:00:00,0,476
915,proin_36,8202221283,2019-09-26 00:00:00,1,36
916,luctus_207,2834950324,2019-05-07 00:00:00,1,207
917,vivamus_584,1742649717,2019-09-08 00:00:00,0,584
918,aenean_61,0325602524,2019-10-22 00:00:00,1,61
919,nunc_157,8711432616,2020-01-19 00:00:00,1,157
920,sapien_295,3448772824,2020-01-28 00:00:00,1,295
921,metus_175,0573504350,2019-11-22 00:00:00,1,175
922,nullam_707,0715092444,2019-07-07 00:00:00,1,707
923,fusce_879,1714800532,2020-02-19 00:00:00,1,879
924,urna_848,2005798888,2019-06-16 00:00:00,1,848
925,nec_379,0828671219,2019-12-21 00:00:00,1,379
926,tellus_250,5921417617,2019-06-27 00:00:00,0,250
927,id_680,9735092958,2019-05-05 00:00:00,0,680
928,congue_528,1508282283,2019-08-27 00:00:00,1,528
929,blandit_78,0478088057,2019-12-31 00:00:00,1,78
930,pede_993,0347534644,2020-04-13 00:00:00,1,993
931,est_682,4985715522,2019-12-11 00:00:00,0,682
932,justo_307,2100455416,2020-03-13 00:00:00,1,307
933,vestibulum_78,8210280974,2019-05-16 00:00:00,1,78
934,elit_213,4763536529,2019-10-15 00:00:00,0,213
935,sapien_464,2564845640,2019-11-08 00:00:00,0,464
936,imperdiet_999,4624503051,2019-08-12 00:00:00,1,999
937,eu_802,3355867983,2019-11-04 00:00:00,0,802
938,ultrices_218,9832076623,2020-04-23 00:00:00,1,218
939,tincidunt_383,6727062921,2019-12-17 00:00:00,1,383
940,pellentesque_757,1124812711,2019-07-20 00:00:00,0,757
941,vel_19,3245880726,2019-11-26 00:00:00,1,19
942,justo_681,3735715724,2019-10-29 00:00:00,1,681
943,mattis_751,3126328541,2019-10-07 00:00:00,1,751
944,lorem_527,0612341467,2019-11-17 00:00:00,0,527
945,suspendisse_677,9784701852,2020-04-14 00:00:00,1,677
946,aenean_822,6361541864,2019-10-15 00:00:00,1,822
947,duis_555,5899877135,2020-02-02 00:00:00,1,555
948,rhoncus_811,7022655048,2020-03-20 00:00:00,1,811
949,hac_95,7797289779,2019-11-01 00:00:00,1,95
950,rhoncus_354,6414681420,2019-10-11 00:00:00,1,354
951,phasellus_277,3236792787,2020-03-02 00:00:00,0,277
952,cubilia_126,9967534406,2020-01-01 00:00:00,1,126
953,eu_548,6024665554,2020-01-04 00:00:00,0,548
954,mi_168,7831739176,2019-08-02 00:00:00,1,168
955,tristique_755,0214127615,2020-01-01 00:00:00,0,755
956,velit_758,7053192963,2020-02-24 00:00:00,1,758
957,dolor_622,0365089450,2019-06-24 00:00:00,0,622
958,parturient_790,5218041379,2019-11-30 00:00:00,1,790
959,sapien_321,2728383192,2020-02-09 00:00:00,1,321
960,justo_247,8313456537,2020-04-06 00:00:00,1,247
961,etiam_460,5832062397,2019-05-12 00:00:00,1,460
962,auctor_253,0742132992,2019-05-05 00:00:00,1,253
963,felis_378,5351805493,2019-10-02 00:00:00,1,378
964,in_361,9152475352,2020-01-12 00:00:00,1,361
965,aliquam_893,3207877436,2019-08-09 00:00:00,1,893
966,felis_918,3761451857,2019-06-27 00:00:00,1,918
967,integer_751,9266394249,2019-05-05 00:00:00,1,751
968,porttitor_754,7799522853,2019-11-20 00:00:00,1,754
969,at_798,0435982588,2019-05-31 00:00:00,1,798
970,auctor_226,8829478487,2019-12-28 00:00:00,1,226
971,lobortis_558,1929600369,2019-12-21 00:00:00,1,558
972,luctus_181,5532342854,2019-11-13 00:00:00,1,181
973,sagittis_970,1639203153,2019-11-09 00:00:00,1,970
974,nisi_864,5528336310,2019-06-17 00:00:00,1,864
975,risus_495,6787627568,2020-01-25 00:00:00,1,495
976,in_99,4598048638,2019-12-17 00:00:00,1,99
977,felis_833,8013524376,2020-04-03 00:00:00,1,833
978,amet_597,1380313616,2019-05-25 00:00:00,0,597
979,sapien_865,7863511404,2019-05-06 00:00:00,1,865
980,morbi_573,7221960550,2019-12-23 00:00:00,1,573
981,id_628,6251204602,2020-03-16 00:00:00,1,628
982,maecenas_540,8730153061,2019-10-06 00:00:00,1,540
983,vel_226,2574198926,2019-10-07 00:00:00,1,226
984,quis_34,5344750371,2019-05-11 00:00:00,1,34
985,purus_926,1396514639,2019-11-12 00:00:00,1,926
986,odio_573,8188666264,2019-10-24 00:00:00,0,573
987,cursus_779,2710442027,2019-08-16 00:00:00,1,779
988,cum_312,4136840066,2020-02-09 00:00:00,1,312
989,nulla_107,3206283954,2020-04-04 00:00:00,1,107
990,eget_340,8059513778,2019-10-18 00:00:00,1,340
991,eget_182,9771327457,2019-07-09 00:00:00,1,182
992,amet_774,8406512924,2020-03-04 00:00:00,1,774
993,lacinia_370,4843341987,2020-02-27 00:00:00,1,370
994,nibh_400,5073278287,2020-02-20 00:00:00,1,400
995,felis_809,5747749800,2020-02-14 00:00:00,0,809
996,pede_274,2549882937,2019-05-07 00:00:00,0,274
997,curabitur_479,3804098748,2020-04-04 00:00:00,0,479
998,natoque_301,0169457244,2019-12-13 00:00:00,1,301
999,convallis_543,7330431709,2020-03-11 00:00:00,1,543
1000,dui_447,9231504122,2019-07-31 00:00:00,1,447
1001,etiam_45,2134430960,2019-08-23 00:00:00,0,45
1002,elementum_904,9124255492,2020-02-15 00:00:00,1,904
1003,faucibus_477,3227231098,2019-12-10 00:00:00,0,477
1004,mauris_933,5015468740,2020-04-04 00:00:00,1,933
1005,odio_785,7460127402,2019-10-24 00:00:00,1,785
1006,vivamus_766,0416645204,2020-03-12 00:00:00,1,766
1007,at_440,3512354560,2019-05-28 00:00:00,1,440
1008,eget_97,5797093563,2019-07-09 00:00:00,1,97
1009,ut_236,5983904597,2019-08-27 00:00:00,0,236
1010,vulputate_742,7007652552,2020-03-18 00:00:00,0,742
1011,vel_716,8113245162,2020-03-22 00:00:00,1,716
1012,curae_312,7655107055,2019-12-11 00:00:00,1,312
1013,aliquam_85,9530021839,2019-11-13 00:00:00,0,85
1014,arcu_710,5114037432,2020-04-24 00:00:00,1,710
1015,nunc_296,6305451192,2019-10-18 00:00:00,0,296
1016,hac_378,8524847866,2019-09-07 00:00:00,1,378
1017,eget_659,0436713737,2020-02-28 00:00:00,1,659
1018,nulla_140,9098506955,2019-09-13 00:00:00,1,140
1019,justo_117,7554042642,2019-12-28 00:00:00,1,117
1020,euismod_749,8308426291,2019-11-24 00:00:00,0,749
1021,nulla_676,3836471218,2019-10-30 00:00:00,1,676
1022,tempor_140,8776394181,2020-02-13 00:00:00,0,140
1023,amet_478,7281444710,2019-09-06 00:00:00,1,478
1024,augue_573,3793633213,2019-10-01 00:00:00,1,573
1025,vestibulum_905,3715621770,2019-07-07 00:00:00,1,905
1026,velit_775,4643368993,2019-05-15 00:00:00,1,775
1027,platea_8,4698621573,2019-05-25 00:00:00,1,8
1028,vel_679,6906537241,2020-01-25 00:00:00,1,679
1029,neque_282,1036372500,2020-01-29 00:00:00,1,282
1030,praesent_156,7423866497,2019-08-16 00:00:00,0,156
1031,facilisi_294,7714141760,2020-03-30 00:00:00,0,294
1032,tristique_21,1280521567,2019-11-02 00:00:00,1,21
1033,ante_882,6029749286,2019-05-31 00:00:00,1,882
1034,suscipit_846,3356170509,2019-10-31 00:00:00,1,846
1035,nec_665,0676975179,2019-10-03 00:00:00,1,665
1036,vivamus_461,5924501700,2019-06-13 00:00:00,1,461
1037,consectetuer_811,6853400411,2019-06-29 00:00:00,1,811
1038,duis_634,6749900482,2020-02-13 00:00:00,1,634
1039,ultrices_311,4958201046,2019-11-24 00:00:00,1,311
1040,etiam_590,6812733079,2019-11-24 00:00:00,0,590
1041,habitasse_216,7242833955,2019-06-03 00:00:00,1,216
1042,donec_119,9793791656,2019-11-16 00:00:00,1,119
1043,curae_62,0556354667,2019-09-08 00:00:00,1,62
1044,nam_302,1543198263,2020-02-02 00:00:00,0,302
1045,molestie_223,9759451238,2019-05-23 00:00:00,1,223
1046,amet_811,6441418140,2019-10-09 00:00:00,0,811
1047,sit_544,1775332973,2019-05-16 00:00:00,1,544
1048,porttitor_117,7461390130,2019-12-20 00:00:00,1,117
1049,non_226,5732944199,2019-10-11 00:00:00,0,226
1050,imperdiet_915,6958311310,2020-04-07 00:00:00,1,915
1051,ante_993,0684108465,2019-11-05 00:00:00,1,993
1052,volutpat_564,0705316824,2019-05-08 00:00:00,1,564
1053,luctus_740,1985789228,2019-05-24 00:00:00,1,740
1054,in_171,8434805158,2019-10-05 00:00:00,0,171
1055,nibh_670,4037317582,2019-05-01 00:00:00,1,670
1056,dui_155,1626725422,2019-05-12 00:00:00,0,155
1057,nulla_949,4816511688,2019-12-02 00:00:00,0,949
1058,amet_7,8275905901,2019-10-09 00:00:00,1,7
1059,molestie_450,7220958067,2019-11-11 00:00:00,0,450
1060,convallis_97,6165158936,2019-12-04 00:00:00,1,97
1061,erat_691,6017485933,2019-09-25 00:00:00,0,691
1062,nulla_291,7321099585,2019-08-03 00:00:00,1,291
1063,ut_595,2218492243,2020-02-10 00:00:00,1,595
1064,dolor_542,5885940173,2020-03-02 00:00:00,1,542
1065,sit_111,9849782597,2019-08-18 00:00:00,1,111
1066,molestie_576,1386896368,2019-07-05 00:00:00,1,576
1067,cras_878,1387312883,2019-11-18 00:00:00,1,878
1068,pellentesque_12,6596830254,2019-12-22 00:00:00,1,12
1069,orci_608,0281709384,2020-01-03 00:00:00,1,608
1070,faucibus_82,1216549524,2019-06-27 00:00:00,1,82
1071,consequat_425,3791377806,2019-08-17 00:00:00,0,425
1072,curabitur_92,0532650287,2020-01-30 00:00:00,1,92
1073,in_646,5455883653,2020-01-03 00:00:00,1,646
1074,nulla_957,8967573782,2020-02-13 00:00:00,1,957
1075,pede_551,0386732635,2020-01-29 00:00:00,0,551
1076,justo_337,6396038459,2020-03-06 00:00:00,1,337
1077,donec_380,4904288427,2020-01-29 00:00:00,1,380
1078,nisl_687,7507756529,2020-03-18 00:00:00,1,687
1079,nisl_187,1029531609,2020-01-06 00:00:00,1,187
1080,nisl_622,9326883140,2019-05-03 00:00:00,0,622
1081,faucibus_585,4037321383,2020-02-21 00:00:00,1,585
1082,in_116,5518506146,2019-07-10 00:00:00,0,116
1083,ultrices_847,6385887068,2020-04-06 00:00:00,1,847
1084,placerat_605,1244037743,2020-02-07 00:00:00,0,605
1085,odio_26,8790210617,2020-01-22 00:00:00,1,26
1086,vitae_202,1302278207,2020-01-09 00:00:00,0,202
1087,mi_16,4586556157,2019-09-19 00:00:00,1,16
1088,velit_377,7286390351,2019-06-15 00:00:00,1,377
1089,venenatis_171,4660292828,2019-06-08 00:00:00,1,171
1090,pharetra_553,5177238774,2019-11-06 00:00:00,0,553
1091,amet_661,1893687361,2020-02-12 00:00:00,0,661
1092,praesent_317,4529027213,2019-09-21 00:00:00,0,317
1093,a_87,1841698004,2019-06-03 00:00:00,1,87
1094,diam_378,6896691029,2019-12-26 00:00:00,1,378
1095,et_442,9608614124,2019-07-17 00:00:00,1,442
1096,sapien_769,9795651591,2019-10-07 00:00:00,1,769
1097,pharetra_271,5629799297,2019-11-08 00:00:00,1,271
1098,ultrices_31,3159780430,2019-12-23 00:00:00,1,31
1099,lectus_992,3304989794,2019-10-16 00:00:00,0,992
1100,in_548,4341910792,2019-10-08 00:00:00,0,548
1101,erat_717,2134340300,2019-05-28 00:00:00,1,717
1102,etiam_565,3136494417,2019-10-11 00:00:00,1,565
1103,ligula_958,8846010876,2019-09-25 00:00:00,0,958
1104,nullam_46,7149599100,2019-05-03 00:00:00,1,46
1105,id_894,4330658008,2019-10-15 00:00:00,1,894
1106,volutpat_483,9506615772,2019-08-03 00:00:00,1,483
1107,magna_120,1799285367,2019-12-12 00:00:00,1,120
1108,platea_18,5555371615,2019-11-14 00:00:00,1,18
1109,vel_564,3072113495,2020-04-11 00:00:00,1,564
1110,aenean_514,9211651392,2020-01-07 00:00:00,1,514
1111,elit_633,5505933893,2019-05-15 00:00:00,1,633
1112,in_37,2053910331,2019-12-09 00:00:00,1,37
1113,at_897,1073515254,2020-01-27 00:00:00,1,897
1114,id_721,1449292186,2019-09-29 00:00:00,1,721
1115,nec_594,2873249813,2019-12-26 00:00:00,1,594
1116,quam_523,4834807283,2019-06-18 00:00:00,1,523
1117,posuere_286,1427559279,2019-12-02 00:00:00,0,286
1118,sit_159,9659833899,2019-11-20 00:00:00,1,159
1119,congue_425,1622748049,2020-04-24 00:00:00,1,425
1120,eu_201,8378836223,2020-02-19 00:00:00,0,201
1121,morbi_448,3377836303,2019-07-16 00:00:00,1,448
1122,justo_731,7551306792,2020-01-19 00:00:00,0,731
1123,vel_401,3891212633,2020-01-10 00:00:00,1,401
1124,egestas_220,5137375159,2020-02-13 00:00:00,1,220
1125,nec_232,0853568204,2019-10-20 00:00:00,1,232
1126,platea_96,3972524583,2019-08-27 00:00:00,1,96
1127,odio_185,8831058116,2019-05-29 00:00:00,1,185
1128,bibendum_686,3282854625,2020-01-11 00:00:00,1,686
1129,pede_527,9130251457,2020-01-17 00:00:00,1,527
1130,iaculis_20,3852724967,2019-09-26 00:00:00,0,20
1131,nec_590,2564571219,2020-03-18 00:00:00,1,590
1132,justo_770,8753602043,2019-08-03 00:00:00,0,770
1133,natoque_269,2998803865,2020-04-25 00:00:00,1,269
1134,sed_550,2252937175,2019-07-01 00:00:00,1,550
1135,lacinia_532,6948764877,2020-04-05 00:00:00,1,532
1136,donec_244,2138978309,2019-12-06 00:00:00,1,244
1137,viverra_585,3173642106,2019-09-20 00:00:00,1,585
1138,pretium_562,5794179044,2019-10-04 00:00:00,1,562
1139,mauris_55,6806084726,2020-02-12 00:00:00,0,55
1140,ante_519,7681508625,2019-12-18 00:00:00,1,519
1141,amet_500,8694923842,2020-02-16 00:00:00,1,500
1142,aliquet_59,0208044986,2019-07-05 00:00:00,1,59
1143,interdum_494,0455196164,2019-10-15 00:00:00,0,494
1144,ultrices_187,8756655886,2019-05-21 00:00:00,1,187
1145,nulla_502,8416077361,2019-12-03 00:00:00,1,502
1146,duis_245,9823029273,2020-04-23 00:00:00,1,245
1147,in_770,7037646736,2019-07-04 00:00:00,1,770
1148,vulputate_588,8001927012,2020-01-03 00:00:00,0,588
1149,orci_663,8706460522,2019-11-16 00:00:00,1,663
1150,varius_493,0884481380,2019-11-16 00:00:00,1,493
1151,quis_471,0821049630,2019-12-31 00:00:00,1,471
1152,ante_176,4393613400,2020-03-23 00:00:00,1,176
1153,pede_623,2675024737,2020-01-08 00:00:00,0,623
1154,bibendum_101,8898130430,2019-10-26 00:00:00,1,101
1155,morbi_372,9180163533,2019-07-26 00:00:00,1,372
1156,neque_942,7066695716,2019-09-06 00:00:00,1,942
1157,nulla_842,8905617834,2019-09-13 00:00:00,1,842
1158,maecenas_523,0896173699,2019-08-13 00:00:00,1,523
1159,justo_815,1712327809,2020-04-04 00:00:00,1,815
1160,congue_90,9896435109,2019-09-23 00:00:00,1,90
1161,odio_45,7149562375,2019-07-30 00:00:00,0,45
1162,pellentesque_251,7046676807,2020-01-21 00:00:00,1,251
1163,turpis_584,7102036175,2019-10-06 00:00:00,0,584
1164,ut_890,3542922827,2020-03-20 00:00:00,1,890
1165,justo_983,3816871852,2020-01-19 00:00:00,1,983
1166,tristique_702,4625870595,2020-03-14 00:00:00,1,702
1167,molestie_701,5237681302,2019-05-25 00:00:00,0,701
1168,non_172,8555061459,2019-10-20 00:00:00,1,172
1169,eget_388,7732387106,2019-05-17 00:00:00,1,388
1170,platea_129,8780244698,2019-08-04 00:00:00,1,129
1171,adipiscing_770,0222785555,2020-02-19 00:00:00,1,770
1172,lectus_878,5916790343,2019-05-29 00:00:00,0,878
1173,et_824,6002653370,2019-06-18 00:00:00,1,824
1174,lorem_787,2084016470,2019-06-06 00:00:00,1,787
1175,erat_954,0340053762,2019-06-07 00:00:00,1,954
1176,vivamus_76,7089731131,2019-05-14 00:00:00,1,76
1177,rhoncus_567,3928567335,2019-08-05 00:00:00,1,567
1178,magnis_508,1413407484,2019-09-30 00:00:00,1,508
1179,erat_352,0920846475,2019-11-04 00:00:00,1,352
1180,faucibus_736,6162988616,2020-03-08 00:00:00,1,736
1181,dis_351,8790792560,2020-02-07 00:00:00,0,351
1182,volutpat_220,7434699201,2019-08-15 00:00:00,1,220
1183,nulla_26,8422874408,2019-12-28 00:00:00,1,26
1184,lorem_707,7460768552,2019-06-04 00:00:00,1,707
1185,proin_377,3130556997,2019-11-05 00:00:00,0,377
1186,lobortis_259,9841086287,2019-06-24 00:00:00,1,259
1187,nullam_262,2863888210,2020-02-19 00:00:00,1,262
1188,viverra_814,8058571773,2020-01-01 00:00:00,1,814
1189,euismod_238,6543317686,2019-07-21 00:00:00,1,238
1190,etiam_389,6425037162,2019-07-28 00:00:00,1,389
1191,vulputate_896,3507423140,2019-09-27 00:00:00,1,896
1192,non_417,5288522365,2019-07-15 00:00:00,1,417
1193,suscipit_497,5121439238,2019-06-15 00:00:00,1,497
1194,sociis_600,6987312876,2019-09-02 00:00:00,1,600
1195,nulla_927,6202969022,2020-03-26 00:00:00,1,927
1196,vulputate_432,3709160023,2019-06-12 00:00:00,1,432
1197,vitae_874,5364581251,2019-11-14 00:00:00,0,874
1198,sapien_239,3485759882,2019-11-19 00:00:00,1,239
1199,sed_171,7706928882,2019-12-25 00:00:00,1,171
1200,augue_229,8192958381,2019-08-05 00:00:00,1,229
1201,vel_409,3322624341,2019-11-12 00:00:00,0,409
1202,semper_680,7897466958,2020-03-27 00:00:00,0,680
1203,nisi_248,8001811869,2020-03-02 00:00:00,1,248
1204,tincidunt_907,6295779415,2019-12-27 00:00:00,0,907
1205,blandit_176,9146611376,2019-05-31 00:00:00,1,176
1206,a_741,2330824887,2020-03-04 00:00:00,0,741
1207,integer_395,4855319800,2019-11-07 00:00:00,1,395
1208,cursus_318,2465955084,2019-07-01 00:00:00,1,318
1209,ac_667,3130706194,2019-09-15 00:00:00,1,667
1210,morbi_99,9614787976,2019-12-16 00:00:00,1,99
1211,massa_904,7416594827,2019-11-24 00:00:00,1,904
1212,fermentum_590,6307754163,2020-01-06 00:00:00,0,590
1213,sit_570,3845162648,2020-04-21 00:00:00,1,570
1214,ultrices_951,9324261875,2020-02-23 00:00:00,1,951
1215,massa_239,7431230381,2020-03-26 00:00:00,1,239
1216,turpis_823,2454264523,2019-10-03 00:00:00,1,823
1217,at_701,1611820908,2019-10-23 00:00:00,1,701
1218,posuere_952,0263424398,2019-12-23 00:00:00,1,952
1219,justo_806,9119528925,2020-04-18 00:00:00,1,806
1220,orci_271,4894472653,2019-10-19 00:00:00,1,271
1221,lobortis_724,8685068684,2020-03-25 00:00:00,1,724
1222,nulla_876,2848029375,2019-12-01 00:00:00,1,876
1223,nibh_304,6923364850,2019-05-07 00:00:00,1,304
1224,suspendisse_983,1577823138,2019-09-29 00:00:00,1,983
1225,sit_216,5849755559,2020-04-21 00:00:00,1,216
1226,suspendisse_219,1095679446,2019-09-17 00:00:00,1,219
1227,posuere_784,5328507898,2020-03-11 00:00:00,1,784
1228,id_741,4011155005,2019-06-08 00:00:00,1,741
1229,eget_668,5741431256,2019-12-23 00:00:00,1,668
1230,pulvinar_969,7232375666,2019-12-04 00:00:00,0,969
1231,ligula_84,1303318081,2020-04-05 00:00:00,1,84
1232,augue_517,5911537150,2020-02-16 00:00:00,0,517
1233,augue_756,4576969840,2019-05-17 00:00:00,1,756
1234,ipsum_909,1697464633,2019-10-03 00:00:00,1,909
1235,ut_34,1173358227,2019-11-08 00:00:00,1,34
1236,sapien_30,0305411033,2019-08-24 00:00:00,1,30
1237,magna_718,9252115943,2020-04-25 00:00:00,0,718
1238,arcu_343,9386276784,2020-04-23 00:00:00,1,343
1239,blandit_928,3878431673,2019-05-30 00:00:00,1,928
1240,proin_776,3697655154,2020-01-09 00:00:00,1,776
1241,turpis_276,6590554039,2020-01-29 00:00:00,1,276
1242,elementum_269,4998780511,2020-03-03 00:00:00,1,269
1243,sit_81,7549077347,2020-04-07 00:00:00,1,81
1244,praesent_178,5666286552,2020-04-24 00:00:00,1,178
1245,ut_69,9237660353,2019-06-27 00:00:00,1,69
1246,et_910,8140696955,2019-06-30 00:00:00,1,910
1247,non_596,8477790526,2019-11-22 00:00:00,1,596
1248,libero_384,2978794085,2019-07-10 00:00:00,0,384
1249,et_274,1370922609,2020-02-05 00:00:00,1,274
1250,mauris_865,9636724808,2020-03-28 00:00:00,1,865
1251,suscipit_826,7031761262,2019-07-28 00:00:00,1,826
1252,vestibulum_96,2526062666,2019-10-01 00:00:00,1,96
1253,blandit_541,4605577466,2019-10-15 00:00:00,1,541
1254,ipsum_795,1355783543,2019-12-25 00:00:00,0,795
1255,amet_49,2691205302,2020-02-17 00:00:00,1,49
1256,amet_450,1002455043,2020-03-21 00:00:00,1,450
1257,pede_31,1149133323,2020-03-06 00:00:00,1,31
1258,in_242,1841694380,2019-05-31 00:00:00,1,242
1259,posuere_217,9575714944,2019-10-24 00:00:00,1,217
1260,donec_585,7174101657,2020-04-03 00:00:00,1,585
1261,mauris_935,4024979879,2019-07-25 00:00:00,1,935
1262,in_589,8920218615,2019-10-24 00:00:00,1,589
1263,aliquam_134,9704972380,2019-05-22 00:00:00,0,134
1264,cubilia_895,6467111606,2020-03-15 00:00:00,1,895
1265,posuere_796,9669452019,2019-05-29 00:00:00,1,796
1266,sapien_448,7352576119,2019-06-01 00:00:00,0,448
1267,condimentum_36,1606842969,2020-01-05 00:00:00,1,36
1268,id_402,2019639606,2019-08-31 00:00:00,1,402
1269,mauris_201,8708876506,2019-08-04 00:00:00,1,201
1270,nam_976,6774958964,2019-08-22 00:00:00,1,976
1271,nisl_636,8107923919,2020-02-17 00:00:00,1,636
1272,maecenas_333,0183268212,2019-12-20 00:00:00,1,333
1273,ligula_498,9667973070,2020-03-05 00:00:00,1,498
1274,dapibus_400,3696933216,2019-09-10 00:00:00,1,400
1275,erat_305,1224613951,2019-11-20 00:00:00,1,305
1276,ipsum_389,1725180835,2019-08-02 00:00:00,0,389
1277,dui_620,7054553098,2019-11-29 00:00:00,0,620
1278,sed_576,1295195065,2019-10-02 00:00:00,0,576
1279,nisi_238,6879966396,2019-12-07 00:00:00,1,238
1280,ultrices_705,7673316276,2020-01-07 00:00:00,1,705
1281,dolor_852,4197808855,2019-08-24 00:00:00,1,852
1282,sed_34,5262321452,2019-12-23 00:00:00,1,34
1283,justo_825,4747417766,2020-02-11 00:00:00,1,825
1284,aliquet_675,7908588308,2020-03-23 00:00:00,0,675
1285,quis_558,1776152110,2019-07-27 00:00:00,1,558
1286,curabitur_48,2715800162,2019-10-15 00:00:00,1,48
1287,sapien_493,1752941122,2019-06-12 00:00:00,1,493
1288,ipsum_821,2893852206,2020-02-08 00:00:00,1,821
1289,magna_28,2899474980,2019-07-17 00:00:00,1,28
1290,vestibulum_27,2815400680,2019-06-29 00:00:00,1,27
1291,enim_891,9093452853,2019-12-01 00:00:00,0,891
1292,convallis_767,8262866098,2019-10-20 00:00:00,1,767
1293,ipsum_431,5385315819,2019-10-18 00:00:00,1,431
1294,id_257,1416436921,2019-07-01 00:00:00,1,257
1295,convallis_628,3320328645,2019-05-07 00:00:00,1,628
1296,id_432,0766441371,2019-10-18 00:00:00,1,432
1297,in_202,4705589521,2019-08-06 00:00:00,1,202
1298,tristique_105,4057569880,2019-10-15 00:00:00,0,105
1299,cubilia_709,2952561619,2020-02-05 00:00:00,0,709
1300,ipsum_761,1904232914,2019-05-29 00:00:00,0,761
1301,condimentum_240,2453960106,2019-09-03 00:00:00,1,240
1302,curae_863,0634352937,2020-02-24 00:00:00,1,863
1303,amet_274,6494062448,2019-10-07 00:00:00,1,274
1304,est_42,1174337365,2019-12-14 00:00:00,1,42
1305,ac_410,9871025119,2020-04-01 00:00:00,1,410
1306,adipiscing_701,0484283116,2019-08-17 00:00:00,1,701
1307,elementum_105,7711514937,2019-09-19 00:00:00,1,105
1308,leo_575,5811137550,2019-12-15 00:00:00,1,575
1309,curabitur_138,9571658497,2019-09-17 00:00:00,1,138
1310,maecenas_18,1789766604,2020-02-18 00:00:00,1,18
1311,odio_196,5456266276,2019-11-17 00:00:00,0,196
1312,urna_83,9245596126,2019-10-13 00:00:00,1,83
1313,vestibulum_211,8256591464,2020-03-06 00:00:00,1,211
1314,quam_149,9485207138,2019-09-04 00:00:00,1,149
1315,dapibus_487,2997124456,2020-04-30 00:00:00,0,487
1316,libero_351,6923587600,2019-12-26 00:00:00,1,351
1317,sit_48,5343154787,2019-08-21 00:00:00,1,48
1318,nonummy_655,2059944996,2019-11-20 00:00:00,1,655
1319,lectus_677,7286853244,2019-12-22 00:00:00,1,677
1320,interdum_9,3456070963,2019-07-23 00:00:00,1,9
1321,ante_248,7156189441,2019-11-29 00:00:00,0,248
1322,nunc_751,0008267512,2019-06-08 00:00:00,1,751
1323,est_223,8899612751,2020-02-28 00:00:00,1,223
1324,ipsum_758,8221904841,2019-12-18 00:00:00,1,758
1325,platea_186,3853066320,2020-03-22 00:00:00,0,186
1326,cubilia_741,7880881507,2019-05-13 00:00:00,1,741
1327,pretium_983,9271053376,2020-01-11 00:00:00,1,983
1328,ligula_999,9342916894,2019-07-27 00:00:00,1,999
1329,vitae_5,1649392613,2020-02-12 00:00:00,0,5
1330,erat_46,7103053645,2019-08-02 00:00:00,1,46
1331,ullamcorper_440,1440418277,2020-02-10 00:00:00,1,440
1332,amet_600,5954536658,2019-11-14 00:00:00,1,600
1333,adipiscing_386,0800357067,2019-11-24 00:00:00,1,386
1334,erat_536,1166904590,2020-01-11 00:00:00,1,536
1335,augue_327,2602807610,2019-05-08 00:00:00,1,327
1336,donec_658,2239996656,2020-04-06 00:00:00,1,658
1337,porttitor_47,6657586279,2019-07-08 00:00:00,0,47
1338,porttitor_440,9750553290,2020-02-28 00:00:00,1,440
1339,proin_797,1772001653,2019-10-21 00:00:00,1,797
1340,libero_489,2009136142,2020-03-21 00:00:00,0,489
1341,in_278,2986577441,2019-05-26 00:00:00,1,278
1342,dictumst_398,0088268000,2020-04-28 00:00:00,1,398
1343,sapien_547,2184059747,2019-08-07 00:00:00,1,547
1344,vel_234,0316565236,2020-04-20 00:00:00,1,234
1345,tincidunt_681,4015189933,2019-11-12 00:00:00,0,681
1346,in_949,1480665908,2019-10-22 00:00:00,1,949
1347,odio_499,7162058451,2019-12-13 00:00:00,1,499
1348,felis_766,8525556657,2020-03-11 00:00:00,1,766
1349,ut_51,1664262480,2019-10-13 00:00:00,1,51
1350,nulla_461,7192899596,2019-08-21 00:00:00,1,461
1351,congue_571,6378912112,2019-08-11 00:00:00,0,571
1352,pellentesque_482,9567924748,2020-01-28 00:00:00,1,482
1353,fusce_766,5045987387,2019-06-06 00:00:00,1,766
1354,luctus_800,9193235429,2020-02-22 00:00:00,1,800
1355,in_907,3376040830,2019-09-02 00:00:00,1,907
1356,iaculis_42,1396826481,2019-06-04 00:00:00,1,42
1357,non_717,0626834310,2020-04-02 00:00:00,1,717
1358,sit_894,2948699262,2019-11-09 00:00:00,1,894
1359,sapien_245,2131015372,2019-05-21 00:00:00,0,245
1360,curae_979,9408584826,2019-05-08 00:00:00,1,979
1361,quis_989,6853575206,2019-05-20 00:00:00,0,989
1362,sit_729,5202180223,2019-05-02 00:00:00,1,729
1363,odio_281,7474767106,2019-05-16 00:00:00,1,281
1364,elit_259,0748534810,2020-02-27 00:00:00,1,259
1365,sem_819,6938598156,2019-11-17 00:00:00,1,819
1366,volutpat_852,9126166550,2020-04-08 00:00:00,1,852
1367,amet_644,2715618517,2019-05-04 00:00:00,1,644
1368,felis_56,4920031843,2020-04-16 00:00:00,1,56
1369,sapien_959,1506119032,2019-07-15 00:00:00,1,959
1370,id_940,5390088108,2019-10-07 00:00:00,1,940
1371,pede_81,7804604564,2019-05-01 00:00:00,0,81
1372,leo_861,7260526818,2020-04-11 00:00:00,1,861
1373,sociis_686,3198034675,2019-12-31 00:00:00,1,686
1374,faucibus_48,6889525513,2020-02-11 00:00:00,1,48
1375,etiam_77,3478267390,2019-06-06 00:00:00,1,77
1376,suspendisse_389,5784429825,2019-10-14 00:00:00,1,389
1377,at_958,8041009612,2019-12-06 00:00:00,1,958
1378,cursus_434,2169947926,2019-06-07 00:00:00,1,434
1379,nulla_514,1073811206,2020-03-26 00:00:00,1,514
1380,donec_477,0989038330,2019-08-26 00:00:00,1,477
1381,viverra_806,0234997662,2019-07-04 00:00:00,1,806
1382,nisl_716,2890688000,2019-06-18 00:00:00,0,716
1383,vulputate_832,5714352988,2019-08-18 00:00:00,1,832
1384,cursus_234,1742640540,2019-06-17 00:00:00,1,234
1385,praesent_574,8365356324,2019-11-23 00:00:00,1,574
1386,dapibus_341,8643934697,2019-05-24 00:00:00,0,341
1387,praesent_881,9114443914,2020-02-26 00:00:00,0,881
1388,vivamus_754,1065302864,2019-10-15 00:00:00,1,754
1389,nisl_292,8663239532,2019-09-21 00:00:00,0,292
1390,praesent_49,9448544595,2020-04-05 00:00:00,1,49
1391,nibh_130,2647105066,2019-05-12 00:00:00,1,130
1392,ut_739,4017400370,2019-09-25 00:00:00,1,739
1393,pharetra_901,8146712179,2019-11-13 00:00:00,1,901
1394,purus_14,5906866203,2020-01-26 00:00:00,0,14
1395,faucibus_654,9059052682,2019-08-30 00:00:00,1,654
1396,sapien_666,2954783691,2019-05-20 00:00:00,0,666
1397,mattis_73,3062349738,2020-04-10 00:00:00,1,73
1398,non_179,7273171823,2019-09-13 00:00:00,1,179
1399,pede_606,8156161606,2019-10-08 00:00:00,1,606
1400,dolor_57,6232591034,2019-09-09 00:00:00,0,57
1401,adipiscing_856,7551707015,2019-09-24 00:00:00,1,856
1402,molestie_861,3526735459,2019-10-19 00:00:00,1,861
1403,penatibus_998,0646310137,2019-08-02 00:00:00,1,998
1404,venenatis_916,6271399236,2019-08-07 00:00:00,1,916
1405,lacinia_785,8034173651,2019-08-04 00:00:00,1,785
1406,pede_80,2782627734,2020-02-21 00:00:00,1,80
1407,mus_380,1746341657,2020-02-27 00:00:00,1,380
1408,luctus_988,8543757588,2020-03-15 00:00:00,1,988
1409,erat_698,3845837249,2020-04-08 00:00:00,0,698
1410,in_633,7923391597,2020-01-18 00:00:00,1,633
1411,aliquet_417,3554299168,2020-04-21 00:00:00,0,417
1412,ante_857,8656554177,2020-04-15 00:00:00,1,857
1413,vitae_88,4360450477,2020-01-05 00:00:00,1,88
1414,auctor_297,8624224290,2020-03-07 00:00:00,1,297
1415,integer_949,5836380009,2020-03-24 00:00:00,0,949
1416,pretium_378,2740727545,2019-07-04 00:00:00,1,378
1417,id_430,2812040483,2019-05-12 00:00:00,0,430
1418,sodales_50,1336057610,2019-07-14 00:00:00,1,50
1419,volutpat_375,4316365963,2019-05-21 00:00:00,1,375
1420,quis_580,7209760497,2019-09-05 00:00:00,1,580
1421,nisi_415,3667226874,2019-07-29 00:00:00,0,415
1422,tincidunt_113,6274501291,2019-09-19 00:00:00,1,113
1423,nulla_987,1679274390,2019-07-05 00:00:00,1,987
1424,vel_801,9795830620,2020-03-25 00:00:00,0,801
1425,nullam_621,1576379801,2019-09-11 00:00:00,1,621
1426,fermentum_602,2292894239,2019-12-15 00:00:00,1,602
1427,porta_916,4888374403,2020-03-27 00:00:00,1,916
1428,eu_688,3150047677,2020-04-18 00:00:00,1,688
1429,porttitor_468,8622780689,2019-12-14 00:00:00,0,468
1430,volutpat_977,4700917497,2019-10-12 00:00:00,1,977
1431,nullam_947,2954687139,2019-11-09 00:00:00,1,947
1432,mollis_742,5449856823,2019-09-03 00:00:00,1,742
1433,at_167,4135058648,2019-07-26 00:00:00,1,167
1434,euismod_802,8153789110,2020-04-13 00:00:00,1,802
1435,quam_517,6479820235,2019-10-28 00:00:00,1,517
1436,eleifend_134,1888107157,2019-10-12 00:00:00,1,134
1437,sed_332,5209164592,2019-09-02 00:00:00,1,332
1438,id_956,2041830606,2019-05-16 00:00:00,1,956
1439,erat_952,7667028182,2019-11-07 00:00:00,1,952
1440,accumsan_118,4604206480,2019-08-07 00:00:00,0,118
1441,odio_689,8586061664,2019-07-24 00:00:00,1,689
1442,justo_386,2419153274,2020-03-05 00:00:00,1,386
1443,ante_636,6074310648,2020-02-03 00:00:00,1,636
1444,dapibus_992,2095658973,2019-11-16 00:00:00,1,992
1445,mauris_512,2434136793,2020-04-25 00:00:00,1,512
1446,id_407,4797525811,2019-07-28 00:00:00,1,407
1447,metus_215,0169377524,2020-01-06 00:00:00,0,215
1448,amet_513,4148036039,2019-05-29 00:00:00,1,513
1449,vestibulum_419,5467314114,2019-07-13 00:00:00,1,419
1450,interdum_575,3083045674,2019-09-10 00:00:00,0,575
1451,nisl_464,2419480191,2020-04-06 00:00:00,1,464
1452,nunc_481,8177844636,2019-07-27 00:00:00,1,481
1453,auctor_187,7003566517,2019-07-18 00:00:00,1,187
1454,blandit_780,5661485043,2019-05-21 00:00:00,1,780
1455,quam_843,6568330140,2019-10-14 00:00:00,1,843
1456,sed_172,4600967257,2020-02-04 00:00:00,1,172
1457,proin_937,4228769265,2019-08-13 00:00:00,0,937
1458,lacinia_642,5672492832,2020-01-05 00:00:00,0,642
1459,fermentum_768,7612333096,2019-11-20 00:00:00,1,768
1460,a_775,6434211791,2020-04-06 00:00:00,1,775
1461,non_700,7078776688,2020-03-20 00:00:00,1,700
1462,dapibus_72,5296932602,2020-04-25 00:00:00,1,72
1463,odio_613,3249210445,2020-02-04 00:00:00,1,613
1464,parturient_292,8873351564,2019-09-07 00:00:00,1,292
1465,morbi_766,6362754704,2020-02-22 00:00:00,1,766
1466,id_502,0638579604,2019-11-08 00:00:00,1,502
1467,cubilia_640,0409632815,2019-07-28 00:00:00,0,640
1468,felis_829,9750616275,2019-07-02 00:00:00,1,829
1469,vitae_368,0530604523,2019-06-11 00:00:00,1,368
1470,vestibulum_909,3670641987,2019-08-20 00:00:00,1,909
1471,justo_540,1275807382,2020-04-25 00:00:00,1,540
1472,accumsan_703,1822494127,2019-09-18 00:00:00,0,703
1473,odio_641,6193498434,2019-09-30 00:00:00,1,641
1474,at_536,5682672415,2019-09-27 00:00:00,1,536
1475,tempus_422,2614524120,2019-05-16 00:00:00,1,422
1476,tristique_847,7210163463,2019-10-06 00:00:00,1,847
1477,pellentesque_665,5788527119,2020-04-05 00:00:00,1,665
1478,vulputate_711,8991594435,2019-09-01 00:00:00,1,711
1479,tincidunt_720,9773017884,2019-11-11 00:00:00,1,720
1480,in_243,4297058759,2019-10-29 00:00:00,0,243
1481,hac_545,0298659340,2020-03-04 00:00:00,1,545
1482,et_624,3981223282,2019-12-26 00:00:00,0,624
1483,congue_346,4635191298,2019-06-22 00:00:00,1,346
1484,suspendisse_344,2436002985,2019-06-24 00:00:00,1,344
1485,praesent_337,9057141575,2019-10-11 00:00:00,1,337
1486,nascetur_269,5494957145,2020-03-19 00:00:00,0,269
1487,ut_11,4230806477,2019-12-10 00:00:00,1,11
1488,integer_885,9537020459,2019-06-10 00:00:00,1,885
1489,convallis_681,1712341509,2019-09-18 00:00:00,1,681
1490,amet_897,7069448929,2020-03-29 00:00:00,1,897
1491,habitasse_726,4802994965,2020-03-01 00:00:00,1,726
1492,sed_597,1823541983,2019-07-11 00:00:00,1,597
1493,eget_168,2390706758,2020-03-19 00:00:00,0,168
1494,potenti_489,6007726887,2020-01-25 00:00:00,1,489
1495,volutpat_457,5604923970,2020-04-28 00:00:00,1,457
1496,curabitur_652,3750408140,2019-05-06 00:00:00,1,652
1497,non_843,3640604637,2019-12-27 00:00:00,1,843
1498,felis_572,6573862810,2019-05-10 00:00:00,1,572
1499,quam_176,2800171092,2019-05-19 00:00:00,1,176
1500,varius_443,3584651636,2019-07-10 00:00:00,0,443
