2019-06-07 00:00:00,4,450
2019-07-18 00:00:00,4,704
2019-11-11 00:00:00,4,836
2019-11-26 00:00:00,6,144
2019-12-12 00:00:00,6,757
2020-04-06 00:00:00,7,768
2020-03-14 00:00:00,7,863
2019-06-21 00:00:00,8,532
2019-08-05 00:00:00,8,701
2020-01-06 00:00:00,10,10
2020-03-28 00:00:00,10,700
2020-02-29 00:00:00,11,411
2019-09-30 00:00:00,12,619
2019-06-19 00:00:00,12,894
2019-11-13 00:00:00,13,399
2019-05-13 00:00:00,15,39
2020-04-15 00:00:00,17,459
2020-04-14 00:00:00,17,718
2020-01-30 00:00:00,19,327
2019-08-15 00:00:00,19,417
2020-04-12 00:00:00,19,707
2019-09-07 00:00:00,20,300
2019-12-13 00:00:00,20,881
2019-07-19 00:00:00,21,214
2019-09-23 00:00:00,21,246
2020-03-27 00:00:00,21,871
2019-08-21 00:00:00,23,528
2019-06-21 00:00:00,24,747
2019-08-18 00:00:00,26,237
2019-12-29 00:00:00,26,305
2019-11-15 00:00:00,26,913
2019-05-31 00:00:00,28,572
2019-07-14 00:00:00,30,39
2019-12-24 00:00:00,31,440
2019-06-30 00:00:00,31,891
2019-08-15 00:00:00,32,970
2019-07-24 00:00:00,33,346
2019-07-26 00:00:00,34,225
2019-07-08 00:00:00,35,848
2019-07-20 00:00:00,38,644
2020-03-09 00:00:00,38,804
2019-12-29 00:00:00,39,192
2019-05-03 00:00:00,42,278
2020-01-08 00:00:00,44,939
2019-08-21 00:00:00,47,206
2019-08-26 00:00:00,49,760
2019-11-01 00:00:00,50,311
2019-09-23 00:00:00,50,661
2020-03-20 00:00:00,50,786
2019-12-20 00:00:00,50,835
2020-01-19 00:00:00,54,367
2019-10-30 00:00:00,55,368
2020-01-06 00:00:00,55,965
2019-11-07 00:00:00,56,35
2019-08-19 00:00:00,58,677
2019-09-16 00:00:00,61,744
2019-11-22 00:00:00,61,838
2019-08-04 00:00:00,67,153
2020-04-04 00:00:00,67,191
2019-12-04 00:00:00,67,534
2020-01-15 00:00:00,68,140
2019-10-07 00:00:00,69,191
2019-05-10 00:00:00,70,244
2020-02-07 00:00:00,71,280
2019-11-12 00:00:00,72,622
2019-07-14 00:00:00,72,757
2019-07-01 00:00:00,73,13
2019-07-19 00:00:00,73,275
2019-08-21 00:00:00,73,657
2019-09-08 00:00:00,74,267
2019-10-11 00:00:00,74,754
2019-12-09 00:00:00,77,330
2020-01-01 00:00:00,77,601
2019-11-05 00:00:00,78,5
2020-04-01 00:00:00,78,633
2019-08-15 00:00:00,81,672
2020-02-19 00:00:00,84,126
2019-09-13 00:00:00,85,265
2019-12-10 00:00:00,85,306
2020-02-12 00:00:00,85,522
2019-12-08 00:00:00,87,828
2019-06-28 00:00:00,90,611
2020-01-08 00:00:00,91,176
2019-06-01 00:00:00,91,357
2019-05-09 00:00:00,92,149
2019-10-07 00:00:00,92,666
2019-06-25 00:00:00,93,294
2020-03-19 00:00:00,93,884
2019-08-23 00:00:00,94,949
2020-01-10 00:00:00,96,467
2020-04-30 00:00:00,96,737
2019-10-13 00:00:00,97,404
2019-08-23 00:00:00,98,662
2020-01-28 00:00:00,98,776
2019-07-25 00:00:00,98,779
2019-07-12 00:00:00,99,924
2020-01-30 00:00:00,101,63
2019-05-09 00:00:00,101,841
2019-08-09 00:00:00,103,59
2020-04-25 00:00:00,103,69
2020-02-06 00:00:00,103,852
2020-03-20 00:00:00,104,543
2020-04-27 00:00:00,105,977
2019-05-24 00:00:00,106,360
2019-11-14 00:00:00,106,786
2019-12-26 00:00:00,106,982
2020-04-12 00:00:00,110,91
2020-03-31 00:00:00,110,483
2019-07-20 00:00:00,111,104
2019-11-23 00:00:00,111,746
2019-09-05 00:00:00,113,548
2020-02-05 00:00:00,114,573
2019-09-05 00:00:00,115,358
2020-04-20 00:00:00,116,3
2020-04-29 00:00:00,117,215
2020-03-18 00:00:00,117,485
2020-03-12 00:00:00,118,726
2019-12-30 00:00:00,120,45
2019-10-19 00:00:00,122,819
2019-11-26 00:00:00,123,604
2019-08-23 00:00:00,125,26
2020-01-14 00:00:00,125,528
2019-08-13 00:00:00,125,763
2020-04-14 00:00:00,126,142
2019-10-07 00:00:00,127,780
2020-01-23 00:00:00,127,987
2020-03-24 00:00:00,131,226
2020-03-03 00:00:00,131,362
2020-02-23 00:00:00,131,909
2019-10-03 00:00:00,132,508
2019-11-13 00:00:00,132,775
2019-07-05 00:00:00,133,112
2020-01-26 00:00:00,133,395
2019-11-03 00:00:00,133,845
2019-07-10 00:00:00,136,552
2020-02-27 00:00:00,136,674
2020-03-20 00:00:00,136,987
2019-12-15 00:00:00,142,789
2019-06-29 00:00:00,143,811
2019-07-11 00:00:00,144,288
2020-02-05 00:00:00,144,336
2019-08-25 00:00:00,144,367
2019-11-03 00:00:00,144,546
2019-12-18 00:00:00,144,739
2020-04-27 00:00:00,145,121
2019-12-05 00:00:00,145,319
2020-04-05 00:00:00,150,407
2019-12-06 00:00:00,150,509
2020-03-02 00:00:00,152,114
2019-11-27 00:00:00,156,178
2020-01-28 00:00:00,156,259
2020-02-26 00:00:00,156,836
2019-09-21 00:00:00,157,86
2020-03-02 00:00:00,157,486
2019-11-03 00:00:00,158,172
2019-10-26 00:00:00,158,705
2019-10-26 00:00:00,160,317
2019-07-04 00:00:00,160,888
2019-07-19 00:00:00,161,341
2019-05-19 00:00:00,162,31
2020-01-06 00:00:00,162,286
2019-06-02 00:00:00,162,626
2019-07-23 00:00:00,162,986
2020-03-10 00:00:00,164,398
2020-04-21 00:00:00,164,677
2019-10-25 00:00:00,165,838
2020-03-15 00:00:00,166,283
2020-03-04 00:00:00,167,135
2019-08-31 00:00:00,168,532
2019-09-22 00:00:00,172,692
2019-05-25 00:00:00,173,96
2019-07-15 00:00:00,173,177
2019-05-07 00:00:00,173,671
2019-05-19 00:00:00,174,661
2019-12-14 00:00:00,176,178
2019-12-08 00:00:00,178,370
2019-06-19 00:00:00,179,227
2020-02-19 00:00:00,179,327
2020-01-17 00:00:00,182,876
2020-01-16 00:00:00,183,994
2019-07-25 00:00:00,184,690
2019-08-28 00:00:00,185,14
2019-07-24 00:00:00,185,456
2019-05-17 00:00:00,185,814
2019-06-24 00:00:00,186,257
2020-01-29 00:00:00,188,113
2019-06-26 00:00:00,190,792
2019-11-26 00:00:00,191,13
2019-08-14 00:00:00,191,363
2019-08-27 00:00:00,192,219
2019-12-24 00:00:00,192,438
2019-11-29 00:00:00,193,624
2020-02-25 00:00:00,194,14
2020-04-13 00:00:00,194,488
2019-10-17 00:00:00,194,962
2019-06-10 00:00:00,196,296
2019-06-22 00:00:00,197,93
2019-06-04 00:00:00,198,317
2019-08-29 00:00:00,199,128
2020-02-05 00:00:00,199,136
2019-11-28 00:00:00,199,611
2019-09-06 00:00:00,200,58
2019-12-05 00:00:00,200,958
2019-10-29 00:00:00,200,993
2020-03-10 00:00:00,201,501
2020-03-06 00:00:00,201,611
2020-02-17 00:00:00,201,843
2020-01-21 00:00:00,201,919
2019-11-07 00:00:00,203,270
2019-12-09 00:00:00,204,582
2019-07-19 00:00:00,205,236
2019-11-11 00:00:00,208,123
2020-02-03 00:00:00,208,425
2020-01-05 00:00:00,208,983
2020-01-28 00:00:00,210,270
2020-04-02 00:00:00,211,257
2019-11-26 00:00:00,211,436
2019-06-15 00:00:00,211,866
2019-09-10 00:00:00,211,904
2019-07-22 00:00:00,213,515
2020-02-13 00:00:00,214,150
2020-03-31 00:00:00,214,884
2020-04-26 00:00:00,215,512
2019-06-18 00:00:00,215,771
2019-06-11 00:00:00,216,124
2019-08-16 00:00:00,216,212
2019-09-29 00:00:00,216,765
2020-04-28 00:00:00,217,921
2019-08-21 00:00:00,217,979
2020-01-15 00:00:00,218,33
2020-03-26 00:00:00,218,673
2020-04-26 00:00:00,220,187
2020-04-22 00:00:00,220,271
2019-07-04 00:00:00,220,532
2019-10-12 00:00:00,221,779
2019-10-22 00:00:00,222,559
2019-08-26 00:00:00,223,600
2019-05-15 00:00:00,224,359
2019-11-17 00:00:00,224,590
2020-03-04 00:00:00,225,540
2019-11-01 00:00:00,226,929
2020-01-15 00:00:00,227,295
2019-12-22 00:00:00,227,739
2020-01-05 00:00:00,227,742
2020-02-17 00:00:00,228,221
2020-02-21 00:00:00,228,553
2019-07-10 00:00:00,228,614
2020-02-22 00:00:00,229,235
2020-03-25 00:00:00,229,924
2019-11-24 00:00:00,231,12
2020-01-03 00:00:00,231,404
2019-09-02 00:00:00,231,663
2019-10-06 00:00:00,233,716
2020-02-11 00:00:00,234,26
2019-10-31 00:00:00,234,268
2020-02-24 00:00:00,235,739
2019-09-22 00:00:00,236,423
2020-03-02 00:00:00,236,685
2019-12-27 00:00:00,237,640
2019-12-02 00:00:00,237,654
2019-05-31 00:00:00,238,349
2020-01-07 00:00:00,238,881
2020-01-15 00:00:00,240,798
2019-05-08 00:00:00,241,404
2020-04-03 00:00:00,241,491
2020-02-27 00:00:00,243,241
2020-01-16 00:00:00,244,838
2019-05-15 00:00:00,244,879
2019-07-06 00:00:00,245,881
2019-07-12 00:00:00,246,170
2020-03-31 00:00:00,246,354
2020-03-24 00:00:00,247,939
2019-07-11 00:00:00,248,977
2019-06-02 00:00:00,249,548
2020-01-27 00:00:00,249,988
2020-01-19 00:00:00,250,131
2019-06-21 00:00:00,250,548
2019-08-16 00:00:00,250,651
2019-11-22 00:00:00,252,244
2020-03-02 00:00:00,253,109
2020-02-22 00:00:00,253,502
2019-05-09 00:00:00,253,942
2020-01-18 00:00:00,254,509
2019-10-12 00:00:00,258,58
2019-11-04 00:00:00,259,918
2019-12-20 00:00:00,260,579
2019-09-02 00:00:00,260,966
2019-10-16 00:00:00,262,553
2019-11-15 00:00:00,262,696
2019-11-17 00:00:00,264,433
2019-11-14 00:00:00,267,889
2020-03-02 00:00:00,270,178
2019-07-21 00:00:00,270,546
2020-04-05 00:00:00,270,759
2019-09-24 00:00:00,273,904
2020-01-18 00:00:00,274,172
2019-12-23 00:00:00,274,777
2020-04-20 00:00:00,276,42
2019-09-24 00:00:00,276,371
2019-09-13 00:00:00,276,975
2019-07-14 00:00:00,279,337
2019-12-06 00:00:00,282,210
2020-02-23 00:00:00,282,700
2020-01-01 00:00:00,282,749
2020-01-20 00:00:00,283,319
2019-10-12 00:00:00,283,384
2019-09-07 00:00:00,285,263
2019-10-30 00:00:00,286,864
2020-04-08 00:00:00,287,239
2020-02-12 00:00:00,287,1000
2019-10-08 00:00:00,288,11
2019-11-04 00:00:00,288,203
2019-09-21 00:00:00,288,842
2019-09-19 00:00:00,290,111
2019-10-01 00:00:00,290,942
2019-07-03 00:00:00,291,161
2020-03-07 00:00:00,291,365
2019-09-24 00:00:00,292,366
2019-10-19 00:00:00,292,673
2019-12-20 00:00:00,293,78
2019-12-04 00:00:00,293,199
2020-04-07 00:00:00,293,860
2019-10-16 00:00:00,294,173
2019-08-06 00:00:00,294,321
2019-10-31 00:00:00,295,391
2019-09-26 00:00:00,296,64
2019-12-06 00:00:00,298,171
2020-01-05 00:00:00,299,102
2019-07-03 00:00:00,299,752
2019-09-05 00:00:00,301,620
2020-02-04 00:00:00,302,501
2020-03-22 00:00:00,302,668
2020-04-25 00:00:00,303,321
2019-10-09 00:00:00,303,568
2019-08-14 00:00:00,303,954
2020-04-16 00:00:00,304,170
2019-12-06 00:00:00,304,367
2020-02-27 00:00:00,305,71
2019-05-28 00:00:00,305,169
2019-05-20 00:00:00,306,199
2020-03-23 00:00:00,306,267
2020-01-10 00:00:00,307,233
2020-01-08 00:00:00,307,697
2020-01-14 00:00:00,309,63
2020-03-30 00:00:00,309,899
2019-07-30 00:00:00,310,136
2019-10-24 00:00:00,310,719
2019-07-10 00:00:00,311,754
2020-01-16 00:00:00,314,524
2020-04-28 00:00:00,314,701
2019-06-21 00:00:00,314,774
2020-02-17 00:00:00,316,661
2019-12-27 00:00:00,317,24
2019-06-17 00:00:00,317,323
2020-04-18 00:00:00,317,643
2020-01-10 00:00:00,317,867
2019-07-05 00:00:00,317,896
2019-08-17 00:00:00,318,565
2020-01-18 00:00:00,318,662
2020-04-21 00:00:00,318,876
2020-04-05 00:00:00,319,968
2020-01-01 00:00:00,323,62
2019-12-20 00:00:00,323,149
2020-03-22 00:00:00,326,260
2019-12-19 00:00:00,327,6
2020-03-06 00:00:00,328,644
2020-03-07 00:00:00,330,337
2019-12-23 00:00:00,331,703
2019-06-24 00:00:00,332,114
2019-07-08 00:00:00,332,423
2019-06-08 00:00:00,332,738
2019-07-18 00:00:00,333,180
2020-03-11 00:00:00,335,615
2019-12-22 00:00:00,338,873
2019-06-12 00:00:00,339,702
2019-06-01 00:00:00,340,42
2019-11-01 00:00:00,342,554
2019-08-01 00:00:00,342,670
2019-07-21 00:00:00,343,60
2020-04-30 00:00:00,344,31
2020-02-16 00:00:00,344,771
2019-06-26 00:00:00,346,84
2019-05-14 00:00:00,346,651
2020-02-17 00:00:00,347,463
2019-06-17 00:00:00,349,75
2020-04-18 00:00:00,349,677
2019-05-26 00:00:00,352,182
2019-06-04 00:00:00,352,924
2019-10-10 00:00:00,353,132
2019-11-05 00:00:00,354,728
2020-04-30 00:00:00,355,816
2019-12-02 00:00:00,357,32
2019-11-19 00:00:00,358,276
2019-07-18 00:00:00,359,738
2020-04-25 00:00:00,360,576
2019-07-15 00:00:00,361,982
2019-09-10 00:00:00,362,997
2019-07-24 00:00:00,363,224
2020-04-01 00:00:00,363,534
2019-10-23 00:00:00,366,760
2019-11-05 00:00:00,366,946
2020-04-11 00:00:00,367,256
2019-08-24 00:00:00,368,529
2020-04-19 00:00:00,368,613
2019-08-22 00:00:00,368,779
2020-01-08 00:00:00,369,234
2019-08-10 00:00:00,371,47
2019-05-17 00:00:00,371,733
2020-02-01 00:00:00,371,825
2019-12-12 00:00:00,373,892
2020-01-09 00:00:00,374,191
2019-10-16 00:00:00,374,617
2019-12-28 00:00:00,375,963
2020-01-14 00:00:00,376,216
2020-02-25 00:00:00,376,910
2020-03-05 00:00:00,377,533
2019-05-02 00:00:00,378,455
2019-05-31 00:00:00,378,838
2020-04-13 00:00:00,378,994
2019-11-21 00:00:00,379,62
2020-02-29 00:00:00,379,233
2019-08-15 00:00:00,380,357
2020-03-06 00:00:00,381,84
2019-12-27 00:00:00,382,798
2020-03-12 00:00:00,383,185
2019-05-06 00:00:00,383,353
2019-12-27 00:00:00,383,372
2019-12-14 00:00:00,385,187
2019-10-28 00:00:00,387,432
2019-08-09 00:00:00,387,810
2019-08-01 00:00:00,388,775
2019-11-04 00:00:00,392,519
2019-12-03 00:00:00,393,592
2019-05-31 00:00:00,394,733
2020-04-06 00:00:00,395,593
2020-03-05 00:00:00,397,779
2020-02-13 00:00:00,398,238
2020-03-15 00:00:00,398,410
2020-03-03 00:00:00,398,764
2019-10-21 00:00:00,399,405
2019-12-30 00:00:00,399,907
2020-01-11 00:00:00,400,783
2019-11-15 00:00:00,400,804
2019-12-18 00:00:00,401,112
2019-12-29 00:00:00,401,147
2019-10-30 00:00:00,401,834
2020-01-05 00:00:00,402,292
2019-08-10 00:00:00,402,960
2019-07-29 00:00:00,405,414
2019-08-22 00:00:00,406,241
2019-10-05 00:00:00,407,427
2019-06-24 00:00:00,407,801
2019-06-02 00:00:00,407,944
2020-02-28 00:00:00,409,679
2019-09-28 00:00:00,411,93
2019-11-18 00:00:00,413,706
2020-02-13 00:00:00,413,920
2019-06-11 00:00:00,415,43
2019-07-09 00:00:00,415,448
2019-10-21 00:00:00,416,555
2019-12-14 00:00:00,416,782
2019-08-28 00:00:00,417,12
2019-11-19 00:00:00,417,365
2019-06-01 00:00:00,417,787
2019-12-08 00:00:00,417,952
2019-07-09 00:00:00,418,108
2019-07-01 00:00:00,418,960
2020-01-26 00:00:00,423,640
2020-04-29 00:00:00,424,371
2019-10-21 00:00:00,424,550
2020-03-19 00:00:00,425,73
2019-11-22 00:00:00,425,797
2019-06-22 00:00:00,427,207
2020-02-06 00:00:00,427,253
2019-10-15 00:00:00,429,209
2020-02-25 00:00:00,429,510
2019-11-27 00:00:00,429,868
2020-03-23 00:00:00,431,517
2019-11-03 00:00:00,431,538
2019-07-23 00:00:00,432,71
2019-08-20 00:00:00,432,324
2019-07-07 00:00:00,433,4
2019-08-07 00:00:00,433,665
2019-07-18 00:00:00,435,992
2020-01-23 00:00:00,436,768
2019-10-07 00:00:00,439,701
2020-02-17 00:00:00,439,747
2019-12-03 00:00:00,439,770
2019-08-23 00:00:00,439,786
2019-07-28 00:00:00,441,685
2020-03-13 00:00:00,441,711
2019-12-10 00:00:00,442,116
2020-01-10 00:00:00,443,293
2019-09-20 00:00:00,443,818
2019-08-04 00:00:00,444,170
2019-05-24 00:00:00,447,452
2019-07-06 00:00:00,447,743
2019-11-08 00:00:00,447,848
2019-12-20 00:00:00,448,279
2019-10-07 00:00:00,448,648
2020-03-09 00:00:00,448,960
2019-05-28 00:00:00,449,26
2019-08-22 00:00:00,449,854
2020-04-23 00:00:00,449,858
2019-10-08 00:00:00,450,594
2020-03-13 00:00:00,450,889
2019-09-08 00:00:00,454,260
2020-01-07 00:00:00,455,182
2020-04-28 00:00:00,455,423
2019-08-24 00:00:00,455,519
2019-10-09 00:00:00,457,985
2020-01-25 00:00:00,458,441
2019-07-22 00:00:00,459,435
2020-01-10 00:00:00,459,681
2019-09-26 00:00:00,461,826
2019-07-22 00:00:00,462,49
2019-08-17 00:00:00,462,114
2019-10-24 00:00:00,462,341
2019-07-15 00:00:00,462,509
2019-12-10 00:00:00,462,677
2019-10-18 00:00:00,463,115
2019-09-07 00:00:00,463,203
2019-11-23 00:00:00,464,275
2019-09-28 00:00:00,464,545
2020-04-23 00:00:00,465,491
2020-02-12 00:00:00,466,854
2020-03-01 00:00:00,468,799
2020-03-22 00:00:00,471,55
2019-05-08 00:00:00,471,790
2020-03-23 00:00:00,471,811
2019-08-10 00:00:00,473,995
2019-12-01 00:00:00,476,485
2020-04-20 00:00:00,476,678
2019-08-25 00:00:00,477,130
2019-10-16 00:00:00,478,4
2019-05-21 00:00:00,478,80
2020-01-06 00:00:00,478,192
2019-05-28 00:00:00,479,676
2019-08-20 00:00:00,480,169
2019-11-12 00:00:00,480,435
2019-08-21 00:00:00,481,551
2020-01-18 00:00:00,482,221
2019-10-03 00:00:00,482,511
2019-08-21 00:00:00,482,548
2019-08-02 00:00:00,482,784
2020-04-08 00:00:00,484,59
2020-04-07 00:00:00,484,357
2019-09-03 00:00:00,485,112
2020-04-01 00:00:00,487,775
2020-02-12 00:00:00,490,836
2020-04-30 00:00:00,491,715
2020-02-22 00:00:00,493,394
2019-09-02 00:00:00,493,471
2020-03-15 00:00:00,497,509
2020-04-17 00:00:00,498,111
2020-02-04 00:00:00,498,476
2019-12-17 00:00:00,498,536
2019-07-31 00:00:00,499,333
2020-04-21 00:00:00,499,986
2019-09-23 00:00:00,500,418
2019-10-02 00:00:00,501,495
2019-09-16 00:00:00,501,646
2019-10-18 00:00:00,502,54
2020-03-13 00:00:00,504,451
2019-11-17 00:00:00,508,295
2020-03-04 00:00:00,508,305
2020-01-04 00:00:00,509,993
2020-03-18 00:00:00,510,421
2019-11-03 00:00:00,510,541
2019-05-18 00:00:00,510,608
2019-08-14 00:00:00,512,170
2019-07-16 00:00:00,513,585
2019-08-29 00:00:00,515,789
2020-01-07 00:00:00,516,928
2020-04-06 00:00:00,517,396
2019-10-26 00:00:00,517,911
2019-06-09 00:00:00,521,722
2019-11-30 00:00:00,521,816
2020-03-27 00:00:00,522,442
2019-06-12 00:00:00,522,955
2020-02-13 00:00:00,523,527
2019-05-22 00:00:00,525,276
2019-05-08 00:00:00,528,694
2020-03-26 00:00:00,529,236
2020-01-25 00:00:00,529,646
2019-11-12 00:00:00,531,187
2019-05-13 00:00:00,531,274
2019-12-07 00:00:00,531,285
2020-02-16 00:00:00,532,711
2019-08-18 00:00:00,533,60
2019-06-30 00:00:00,534,721
2019-12-08 00:00:00,538,831
2020-02-04 00:00:00,539,504
2019-06-12 00:00:00,539,743
2019-11-28 00:00:00,539,918
2020-04-25 00:00:00,540,548
2019-09-08 00:00:00,541,112
2019-10-18 00:00:00,541,991
2019-05-29 00:00:00,542,268
2020-03-15 00:00:00,543,10
2019-08-29 00:00:00,546,107
2019-05-08 00:00:00,547,294
2019-07-12 00:00:00,547,942
2020-04-09 00:00:00,547,989
2020-03-04 00:00:00,548,407
2019-09-28 00:00:00,551,111
2020-03-11 00:00:00,551,137
2019-07-12 00:00:00,551,551
2020-04-08 00:00:00,553,848
2019-05-31 00:00:00,553,982
2019-09-24 00:00:00,554,867
2020-02-17 00:00:00,556,421
2019-06-23 00:00:00,557,967
2020-02-16 00:00:00,558,164
2019-11-15 00:00:00,559,70
2019-07-30 00:00:00,559,620
2020-02-07 00:00:00,560,180
2019-05-04 00:00:00,563,850
2019-07-12 00:00:00,566,187
2020-03-13 00:00:00,566,275
2019-06-25 00:00:00,566,293
2019-10-22 00:00:00,570,92
2020-04-04 00:00:00,570,589
2020-01-02 00:00:00,571,123
2020-01-27 00:00:00,571,271
2020-01-07 00:00:00,572,562
2019-12-27 00:00:00,573,941
2019-10-11 00:00:00,574,709
2019-09-07 00:00:00,574,811
2019-08-15 00:00:00,574,854
2019-12-24 00:00:00,575,142
2019-10-27 00:00:00,575,349
2020-02-27 00:00:00,578,587
2019-05-19 00:00:00,580,174
2020-01-30 00:00:00,580,830
2019-09-27 00:00:00,581,352
2019-06-17 00:00:00,581,876
2019-11-20 00:00:00,582,69
2020-02-06 00:00:00,582,865
2020-03-10 00:00:00,583,900
2019-10-05 00:00:00,584,12
2019-05-08 00:00:00,584,19
2020-04-17 00:00:00,584,540
2019-09-30 00:00:00,585,784
2019-05-18 00:00:00,587,541
2020-04-04 00:00:00,590,470
2019-10-18 00:00:00,590,591
2020-03-06 00:00:00,590,619
2019-06-01 00:00:00,591,934
2019-10-09 00:00:00,593,662
2019-06-11 00:00:00,593,858
2019-10-27 00:00:00,595,932
2020-03-01 00:00:00,597,23
2019-12-16 00:00:00,597,602
2020-04-19 00:00:00,597,831
2019-06-19 00:00:00,598,557
2020-02-05 00:00:00,598,572
2019-09-18 00:00:00,598,920
2019-06-10 00:00:00,600,159
2019-08-16 00:00:00,603,245
2020-01-12 00:00:00,603,491
2019-07-02 00:00:00,604,438
2020-04-01 00:00:00,605,292
2019-09-06 00:00:00,605,313
2019-10-19 00:00:00,606,246
2020-01-28 00:00:00,606,684
2019-10-27 00:00:00,607,145
2020-02-06 00:00:00,609,585
2020-01-24 00:00:00,609,736
2019-11-15 00:00:00,610,198
2019-12-23 00:00:00,610,798
2019-05-29 00:00:00,611,158
2020-04-05 00:00:00,612,153
2019-08-26 00:00:00,613,450
2019-11-15 00:00:00,613,682
2020-02-24 00:00:00,614,77
2020-02-27 00:00:00,614,91
2020-02-17 00:00:00,615,485
2019-06-04 00:00:00,618,554
2019-11-02 00:00:00,619,198
2019-10-11 00:00:00,621,249
2019-05-25 00:00:00,623,334
2020-03-23 00:00:00,623,575
2020-03-30 00:00:00,623,924
2019-12-06 00:00:00,624,218
2020-03-21 00:00:00,627,235
2019-06-18 00:00:00,627,849
2019-06-13 00:00:00,630,509
2019-12-11 00:00:00,631,246
2019-11-01 00:00:00,631,295
2019-08-05 00:00:00,631,999
2020-04-09 00:00:00,632,118
2020-03-21 00:00:00,632,122
2019-07-05 00:00:00,632,203
2019-09-19 00:00:00,632,327
2019-11-24 00:00:00,632,407
2020-03-13 00:00:00,635,263
2019-08-30 00:00:00,636,37
2019-06-20 00:00:00,637,268
2019-06-27 00:00:00,637,645
2020-03-20 00:00:00,637,897
2019-06-02 00:00:00,638,477
2019-06-13 00:00:00,638,495
2020-02-12 00:00:00,639,571
2019-07-20 00:00:00,641,26
2020-04-29 00:00:00,641,705
2019-11-15 00:00:00,644,505
2019-11-09 00:00:00,644,552
2020-04-17 00:00:00,645,67
2019-08-24 00:00:00,647,987
2019-07-16 00:00:00,649,231
2019-12-15 00:00:00,649,917
2020-01-04 00:00:00,651,702
2019-06-10 00:00:00,654,757
2020-02-27 00:00:00,654,802
2020-02-16 00:00:00,656,720
2020-02-15 00:00:00,658,384
2020-01-24 00:00:00,658,524
2020-01-04 00:00:00,658,588
2019-08-02 00:00:00,659,52
2019-09-13 00:00:00,660,146
2019-12-03 00:00:00,660,943
2019-11-14 00:00:00,661,105
2020-01-05 00:00:00,661,681
2020-02-14 00:00:00,661,698
2019-08-23 00:00:00,663,58
2019-05-20 00:00:00,663,200
2019-12-24 00:00:00,663,259
2020-03-20 00:00:00,663,458
2019-06-10 00:00:00,664,143
2020-03-30 00:00:00,664,745
2020-01-16 00:00:00,666,85
2020-04-26 00:00:00,667,624
2019-06-11 00:00:00,668,689
2019-06-22 00:00:00,668,994
2019-08-18 00:00:00,669,439
2019-12-03 00:00:00,670,167
2020-04-03 00:00:00,672,97
2019-12-16 00:00:00,675,961
2020-04-05 00:00:00,677,872
2019-12-21 00:00:00,678,21
2019-10-13 00:00:00,678,31
2019-08-18 00:00:00,678,96
2020-04-04 00:00:00,678,492
2019-10-18 00:00:00,679,197
2020-02-01 00:00:00,679,877
2019-12-13 00:00:00,681,638
2019-06-26 00:00:00,683,930
2020-03-05 00:00:00,684,128
2019-08-08 00:00:00,684,410
2019-05-27 00:00:00,685,180
2020-03-08 00:00:00,685,317
2019-06-29 00:00:00,686,491
2019-10-12 00:00:00,688,38
2020-01-21 00:00:00,689,14
2019-09-09 00:00:00,689,253
2020-04-19 00:00:00,689,852
2019-07-20 00:00:00,691,128
2019-10-02 00:00:00,691,989
2020-03-01 00:00:00,693,58
2019-09-17 00:00:00,694,631
2019-08-08 00:00:00,695,175
2020-01-13 00:00:00,697,229
2019-12-28 00:00:00,698,123
2019-10-16 00:00:00,698,929
2019-06-06 00:00:00,699,170
2020-03-20 00:00:00,699,630
2020-01-20 00:00:00,699,770
2019-08-08 00:00:00,700,165
2019-05-29 00:00:00,700,550
2020-02-15 00:00:00,701,845
2019-11-06 00:00:00,701,890
2019-09-17 00:00:00,705,313
2020-04-23 00:00:00,705,414
2020-03-10 00:00:00,705,750
2019-05-16 00:00:00,705,882
2019-12-14 00:00:00,705,977
2019-12-08 00:00:00,707,310
2020-03-26 00:00:00,707,969
2019-09-22 00:00:00,708,199
2020-02-12 00:00:00,708,734
2019-09-22 00:00:00,709,371
2019-06-16 00:00:00,709,603
2019-12-25 00:00:00,710,121
2019-07-22 00:00:00,710,146
2020-03-23 00:00:00,710,676
2019-08-21 00:00:00,712,170
2019-06-22 00:00:00,715,115
2019-10-01 00:00:00,717,522
2019-11-17 00:00:00,717,895
2019-07-26 00:00:00,718,282
2019-12-08 00:00:00,718,831
2019-12-05 00:00:00,719,690
2019-08-18 00:00:00,720,791
2019-08-24 00:00:00,721,78
2019-11-15 00:00:00,722,8
2019-07-25 00:00:00,724,711
2020-01-15 00:00:00,724,888
2019-09-08 00:00:00,727,662
2020-04-08 00:00:00,728,891
2019-11-21 00:00:00,728,981
2020-01-26 00:00:00,729,124
2019-12-19 00:00:00,729,256
2019-05-27 00:00:00,729,264
2020-03-08 00:00:00,729,980
2020-01-03 00:00:00,730,707
2019-06-18 00:00:00,732,996
2019-08-27 00:00:00,733,570
2020-04-06 00:00:00,733,781
2019-09-04 00:00:00,734,305
2019-12-05 00:00:00,734,386
2019-09-07 00:00:00,734,697
2019-06-24 00:00:00,735,908
2019-09-23 00:00:00,736,632
2019-10-05 00:00:00,736,982
2020-01-07 00:00:00,738,581
2019-06-28 00:00:00,739,947
2019-10-10 00:00:00,744,524
2019-06-04 00:00:00,744,534
2020-01-20 00:00:00,745,464
2019-11-24 00:00:00,747,47
2020-04-23 00:00:00,751,409
2019-07-23 00:00:00,751,656
2019-10-02 00:00:00,754,153
2019-06-04 00:00:00,754,157
2019-10-03 00:00:00,755,303
2019-07-23 00:00:00,755,331
2019-11-22 00:00:00,756,113
2019-07-09 00:00:00,756,365
2020-01-01 00:00:00,756,763
2019-11-05 00:00:00,758,525
2020-02-14 00:00:00,759,654
2020-02-18 00:00:00,759,720
2019-08-04 00:00:00,761,755
2020-01-01 00:00:00,762,574
2020-04-15 00:00:00,764,938
2019-05-11 00:00:00,764,995
2020-04-09 00:00:00,765,342
2019-10-16 00:00:00,766,417
2019-08-17 00:00:00,766,475
2019-07-23 00:00:00,767,348
2019-11-28 00:00:00,768,336
2020-03-28 00:00:00,768,526
2020-01-14 00:00:00,768,585
2020-03-13 00:00:00,768,587
2019-08-12 00:00:00,768,726
2019-06-23 00:00:00,771,552
2020-04-12 00:00:00,771,716
2019-12-22 00:00:00,773,427
2019-06-27 00:00:00,773,456
2019-11-12 00:00:00,774,291
2020-03-31 00:00:00,774,458
2019-07-02 00:00:00,774,487
2020-01-28 00:00:00,775,786
2019-12-14 00:00:00,777,772
2019-08-01 00:00:00,778,735
2019-08-18 00:00:00,779,6
2019-12-26 00:00:00,779,210
2019-10-20 00:00:00,781,639
2020-02-16 00:00:00,781,922
2020-03-02 00:00:00,782,306
2020-04-11 00:00:00,782,601
2020-01-09 00:00:00,786,939
2019-08-23 00:00:00,791,230
2020-02-26 00:00:00,791,635
2019-05-23 00:00:00,792,354
2019-05-21 00:00:00,793,762
2019-09-06 00:00:00,794,180
2019-10-01 00:00:00,794,472
2019-11-29 00:00:00,800,981
2020-04-29 00:00:00,801,118
2020-01-06 00:00:00,801,556
2019-11-04 00:00:00,803,189
2020-04-12 00:00:00,803,992
2019-05-27 00:00:00,805,201
2019-12-20 00:00:00,805,780
2020-02-24 00:00:00,806,74
2020-02-14 00:00:00,808,228
2020-01-12 00:00:00,810,768
2020-03-02 00:00:00,811,840
2020-04-17 00:00:00,812,571
2020-01-08 00:00:00,813,784
2019-12-07 00:00:00,814,202
2019-06-11 00:00:00,816,880
2019-07-05 00:00:00,819,100
2019-12-04 00:00:00,820,283
2019-05-14 00:00:00,820,578
2020-02-10 00:00:00,820,833
2020-02-10 00:00:00,821,275
2020-02-14 00:00:00,822,848
2019-08-08 00:00:00,823,699
2019-09-06 00:00:00,824,766
2019-10-19 00:00:00,827,10
2019-06-15 00:00:00,828,762
2019-06-11 00:00:00,828,879
2019-07-05 00:00:00,828,899
2019-06-24 00:00:00,831,681
2019-07-02 00:00:00,832,376
2019-05-22 00:00:00,839,860
2019-08-18 00:00:00,840,659
2020-01-05 00:00:00,841,778
2020-02-23 00:00:00,841,956
2019-08-06 00:00:00,842,666
2019-10-18 00:00:00,842,821
2020-01-07 00:00:00,843,324
2019-09-21 00:00:00,845,175
2019-05-26 00:00:00,846,311
2020-02-01 00:00:00,848,196
2019-09-12 00:00:00,848,638
2020-02-08 00:00:00,852,723
2020-03-15 00:00:00,852,841
2019-05-17 00:00:00,853,74
2019-05-27 00:00:00,854,707
2019-12-03 00:00:00,856,642
2019-10-06 00:00:00,858,55
2019-11-15 00:00:00,859,484
2019-07-04 00:00:00,860,11
2020-01-14 00:00:00,860,802
2019-08-17 00:00:00,861,890
2020-01-21 00:00:00,862,618
2020-03-16 00:00:00,863,152
2019-12-31 00:00:00,863,763
2020-01-24 00:00:00,863,976
2019-05-30 00:00:00,865,425
2019-10-09 00:00:00,865,830
2020-01-23 00:00:00,866,12
2020-04-22 00:00:00,866,418
2019-10-22 00:00:00,866,496
2020-01-03 00:00:00,866,955
2020-04-10 00:00:00,867,330
2019-08-28 00:00:00,867,660
2019-11-17 00:00:00,867,680
2020-01-28 00:00:00,868,899
2019-10-15 00:00:00,869,912
2019-06-14 00:00:00,870,961
2019-09-14 00:00:00,871,86
2019-06-28 00:00:00,871,350
2020-04-21 00:00:00,872,391
2020-03-24 00:00:00,873,363
2019-11-10 00:00:00,873,995
2020-04-26 00:00:00,874,93
2019-09-10 00:00:00,874,825
2019-11-11 00:00:00,874,957
2019-11-05 00:00:00,876,130
2020-04-04 00:00:00,876,358
2019-07-20 00:00:00,879,514
2019-11-17 00:00:00,879,544
2020-03-16 00:00:00,881,274
2019-05-28 00:00:00,882,379
2020-01-27 00:00:00,883,303
2019-10-03 00:00:00,883,775
2019-08-14 00:00:00,883,805
2019-12-31 00:00:00,884,866
2019-10-23 00:00:00,885,439
2019-06-22 00:00:00,887,902
2020-02-05 00:00:00,888,578
2020-01-12 00:00:00,888,776
2020-02-11 00:00:00,891,236
2020-02-27 00:00:00,891,421
2020-01-03 00:00:00,891,422
2019-08-28 00:00:00,892,487
2020-02-14 00:00:00,893,932
2019-06-24 00:00:00,894,62
2019-05-26 00:00:00,894,878
2019-08-08 00:00:00,894,927
2019-12-22 00:00:00,894,950
2020-04-24 00:00:00,895,322
2019-10-03 00:00:00,896,945
2019-10-07 00:00:00,897,406
2020-04-05 00:00:00,899,143
2020-03-28 00:00:00,899,309
2019-08-17 00:00:00,899,717
2019-05-15 00:00:00,899,810
2019-09-26 00:00:00,899,835
2019-07-04 00:00:00,899,868
2020-04-09 00:00:00,900,214
2019-08-10 00:00:00,901,281
2020-02-29 00:00:00,904,2
2019-09-01 00:00:00,905,397
2019-06-13 00:00:00,906,283
2020-01-09 00:00:00,906,770
2019-10-28 00:00:00,907,728
2019-11-19 00:00:00,907,752
2019-11-23 00:00:00,908,259
2019-09-03 00:00:00,908,579
2019-08-08 00:00:00,908,666
2019-10-23 00:00:00,909,330
2019-05-21 00:00:00,909,846
2019-07-12 00:00:00,911,977
2019-10-06 00:00:00,915,227
2019-12-24 00:00:00,915,626
2020-03-04 00:00:00,915,696
2019-10-02 00:00:00,915,950
2019-10-23 00:00:00,916,323
2019-10-21 00:00:00,918,292
2019-10-24 00:00:00,919,402
2019-05-16 00:00:00,919,767
2019-05-30 00:00:00,920,869
2019-09-26 00:00:00,920,959
2019-11-28 00:00:00,921,10
2019-09-17 00:00:00,921,324
2020-01-12 00:00:00,922,262
2019-05-12 00:00:00,922,742
2020-03-12 00:00:00,924,915
2019-07-02 00:00:00,925,58
2019-09-14 00:00:00,925,471
2019-10-14 00:00:00,927,397
2020-02-04 00:00:00,927,411
2019-11-02 00:00:00,927,664
2019-11-07 00:00:00,928,579
2019-05-28 00:00:00,928,851
2019-08-09 00:00:00,928,933
2020-03-11 00:00:00,930,804
2020-03-13 00:00:00,933,799
2019-07-25 00:00:00,935,138
2019-10-21 00:00:00,935,362
2020-02-21 00:00:00,935,760
2019-06-14 00:00:00,936,206
2019-11-10 00:00:00,937,301
2019-11-13 00:00:00,937,680
2019-11-05 00:00:00,938,118
2019-08-10 00:00:00,939,102
2020-02-10 00:00:00,940,13
2020-04-09 00:00:00,940,46
2020-01-07 00:00:00,941,285
2019-10-02 00:00:00,943,846
2019-12-19 00:00:00,944,466
2019-11-23 00:00:00,946,135
2019-09-14 00:00:00,947,990
2020-02-15 00:00:00,948,364
2019-11-25 00:00:00,950,17
2020-03-09 00:00:00,950,594
2019-06-01 00:00:00,950,685
2019-07-27 00:00:00,951,377
2020-02-11 00:00:00,953,444
2020-02-14 00:00:00,953,866
2019-07-10 00:00:00,954,963
2020-03-03 00:00:00,955,710
2019-07-03 00:00:00,956,176
2020-02-10 00:00:00,956,238
2019-11-25 00:00:00,958,809
2019-12-20 00:00:00,960,651
2019-12-29 00:00:00,961,288
2019-07-16 00:00:00,962,413
2019-08-12 00:00:00,964,969
2020-04-19 00:00:00,966,553
2019-06-29 00:00:00,967,56
2019-09-04 00:00:00,968,325
2019-12-17 00:00:00,970,430
2019-08-14 00:00:00,970,564
2020-02-12 00:00:00,970,837
2019-09-14 00:00:00,971,157
2019-06-08 00:00:00,971,409
2019-08-12 00:00:00,971,903
2019-05-29 00:00:00,972,836
2020-02-29 00:00:00,973,450
2019-12-28 00:00:00,974,277
2020-02-16 00:00:00,974,601
2019-07-20 00:00:00,975,575
2019-06-08 00:00:00,976,916
2020-04-19 00:00:00,977,46
2019-08-07 00:00:00,978,837
2020-01-01 00:00:00,978,966
2019-08-15 00:00:00,979,32
2020-01-26 00:00:00,979,127
2020-03-07 00:00:00,980,525
2019-06-09 00:00:00,981,474
2019-11-08 00:00:00,982,202
2020-01-19 00:00:00,982,758
2019-10-25 00:00:00,982,762
2019-10-27 00:00:00,982,933
2019-09-07 00:00:00,984,800
2020-02-07 00:00:00,988,769
2019-11-17 00:00:00,988,987
2020-01-13 00:00:00,989,150
2019-05-20 00:00:00,989,907
2019-12-22 00:00:00,990,429
2019-12-04 00:00:00,990,919
2019-09-06 00:00:00,991,503
2020-03-15 00:00:00,991,560
2020-04-23 00:00:00,994,493
2019-07-05 00:00:00,994,812
2019-08-05 00:00:00,995,36
2019-10-19 00:00:00,995,424
2019-06-14 00:00:00,995,527
2019-06-15 00:00:00,995,812
2019-12-18 00:00:00,996,308
2019-07-21 00:00:00,998,996
2019-12-15 00:00:00,999,980
2019-05-02 00:00:00,1000,176
2020-01-25 00:00:00,1000,310
2020-01-06 00:00:00,1000,537
2020-01-27 00:00:00,1005,66
2019-05-15 00:00:00,1006,115
2019-06-10 00:00:00,1007,189
2019-10-05 00:00:00,1007,728
2019-07-05 00:00:00,1008,155
2019-10-01 00:00:00,1008,681
2020-01-12 00:00:00,1008,889
2019-08-16 00:00:00,1009,7
2019-06-14 00:00:00,1011,149
2020-04-26 00:00:00,1011,748
2019-05-11 00:00:00,1012,611
2020-03-27 00:00:00,1013,827
2020-04-28 00:00:00,1013,852
2019-06-17 00:00:00,1018,39
2019-10-06 00:00:00,1018,265
2019-06-10 00:00:00,1019,921
2020-03-03 00:00:00,1020,684
2020-03-26 00:00:00,1021,422
2019-06-19 00:00:00,1023,118
2019-10-19 00:00:00,1025,686
2019-12-27 00:00:00,1026,319
2019-10-10 00:00:00,1027,194
2020-04-11 00:00:00,1027,635
2020-01-29 00:00:00,1030,53
2020-03-19 00:00:00,1030,572
2019-08-13 00:00:00,1031,538
2019-07-21 00:00:00,1031,600
2019-07-03 00:00:00,1031,977
2020-04-04 00:00:00,1032,612
2019-12-25 00:00:00,1032,641
2020-01-16 00:00:00,1032,846
2019-08-20 00:00:00,1035,91
2020-03-14 00:00:00,1035,732
2019-11-05 00:00:00,1037,422
2019-12-07 00:00:00,1038,551
2019-10-20 00:00:00,1042,57
2019-09-19 00:00:00,1044,7
2020-04-08 00:00:00,1045,561
2019-08-08 00:00:00,1046,437
2019-09-14 00:00:00,1046,760
2019-11-02 00:00:00,1049,70
2019-06-20 00:00:00,1049,429
2020-02-14 00:00:00,1050,288
2020-02-19 00:00:00,1050,473
2019-10-31 00:00:00,1050,581
2019-07-16 00:00:00,1051,23
2019-09-29 00:00:00,1051,543
2020-03-06 00:00:00,1051,710
2019-09-08 00:00:00,1052,29
2019-11-16 00:00:00,1053,671
2019-10-27 00:00:00,1054,218
2020-01-11 00:00:00,1055,444
2019-10-27 00:00:00,1056,171
2020-01-09 00:00:00,1056,502
2019-10-24 00:00:00,1057,377
2019-06-03 00:00:00,1057,803
2019-12-02 00:00:00,1058,870
2019-07-08 00:00:00,1059,447
2019-06-30 00:00:00,1060,646
2019-08-10 00:00:00,1061,922
2019-09-24 00:00:00,1065,945
2019-07-03 00:00:00,1066,90
2019-09-25 00:00:00,1066,673
2019-07-14 00:00:00,1068,258
2020-02-26 00:00:00,1070,651
2019-11-30 00:00:00,1070,794
2019-06-21 00:00:00,1071,398
2019-12-08 00:00:00,1073,17
2019-08-07 00:00:00,1074,616
2020-02-22 00:00:00,1075,73
2019-05-20 00:00:00,1075,895
2020-01-02 00:00:00,1076,468
2019-09-16 00:00:00,1077,674
2020-03-16 00:00:00,1078,228
2019-11-22 00:00:00,1078,476
2019-05-31 00:00:00,1081,562
2019-11-16 00:00:00,1082,821
2019-09-18 00:00:00,1084,770
2020-01-12 00:00:00,1084,847
2019-06-28 00:00:00,1088,766
2019-12-08 00:00:00,1090,390
2020-01-17 00:00:00,1091,496
2019-07-02 00:00:00,1092,133
2019-10-19 00:00:00,1092,284
2020-01-05 00:00:00,1092,720
2020-04-17 00:00:00,1093,595
2020-01-01 00:00:00,1093,625
2020-02-01 00:00:00,1094,604
2020-03-19 00:00:00,1095,474
2019-11-10 00:00:00,1096,162
2020-01-14 00:00:00,1096,914
2020-01-01 00:00:00,1097,794
2019-08-21 00:00:00,1102,304
2020-01-10 00:00:00,1102,582
2019-11-15 00:00:00,1103,272
2019-10-16 00:00:00,1103,340
2020-04-22 00:00:00,1103,394
2019-08-06 00:00:00,1103,755
2020-01-20 00:00:00,1105,723
2019-05-24 00:00:00,1105,964
2019-11-26 00:00:00,1106,681
2019-11-05 00:00:00,1107,3
2020-01-14 00:00:00,1109,594
2020-02-14 00:00:00,1111,986
2020-04-23 00:00:00,1112,81
2019-11-24 00:00:00,1112,904
2019-08-29 00:00:00,1113,749
2019-11-17 00:00:00,1114,374
2019-11-09 00:00:00,1116,599
2019-10-12 00:00:00,1116,832
2020-03-31 00:00:00,1117,111
2019-05-05 00:00:00,1117,316
2019-10-19 00:00:00,1117,446
2019-08-06 00:00:00,1118,243
2019-09-25 00:00:00,1119,537
2020-01-14 00:00:00,1119,696
2019-12-11 00:00:00,1121,736
2020-04-20 00:00:00,1121,895
2020-02-28 00:00:00,1122,558
2019-07-17 00:00:00,1123,40
2019-06-20 00:00:00,1123,784
2019-06-18 00:00:00,1124,694
2020-04-16 00:00:00,1126,864
2020-04-23 00:00:00,1127,555
2019-08-02 00:00:00,1127,994
2020-01-21 00:00:00,1128,391
2020-02-08 00:00:00,1129,642
2019-07-23 00:00:00,1130,65
2019-05-15 00:00:00,1131,592
2019-06-11 00:00:00,1131,952
2020-01-30 00:00:00,1133,53
2019-10-23 00:00:00,1133,708
2019-06-12 00:00:00,1134,146
2019-10-21 00:00:00,1137,54
2019-10-27 00:00:00,1138,904
2020-01-08 00:00:00,1140,217
2020-02-03 00:00:00,1142,257
2019-05-06 00:00:00,1144,75
2019-07-23 00:00:00,1144,589
2020-02-17 00:00:00,1145,522
2019-11-12 00:00:00,1145,702
2020-01-23 00:00:00,1145,748
2019-12-31 00:00:00,1145,809
2020-01-15 00:00:00,1146,203
2019-12-17 00:00:00,1147,398
2019-07-26 00:00:00,1147,696
2019-12-25 00:00:00,1149,411
2020-01-26 00:00:00,1150,358
2020-03-14 00:00:00,1150,933
2020-04-06 00:00:00,1150,998
2020-04-21 00:00:00,1152,76
2020-04-12 00:00:00,1152,552
2019-07-09 00:00:00,1153,510
2019-10-29 00:00:00,1153,844
2020-03-26 00:00:00,1154,177
2020-03-06 00:00:00,1154,226
2020-04-24 00:00:00,1155,273
2019-11-01 00:00:00,1155,539
2020-03-10 00:00:00,1155,932
2019-05-18 00:00:00,1157,302
2019-05-29 00:00:00,1157,970
2020-03-03 00:00:00,1158,499
2019-05-04 00:00:00,1158,973
2019-10-12 00:00:00,1160,596
2019-07-25 00:00:00,1161,238
2020-04-04 00:00:00,1161,554
2020-03-18 00:00:00,1162,474
2019-06-09 00:00:00,1162,790
2019-10-05 00:00:00,1163,25
2020-02-26 00:00:00,1164,937
2020-02-15 00:00:00,1167,113
2019-07-26 00:00:00,1167,661
2019-09-06 00:00:00,1168,177
2019-08-15 00:00:00,1168,339
2020-02-06 00:00:00,1170,280
2019-12-10 00:00:00,1171,115
2019-12-29 00:00:00,1171,178
2020-01-05 00:00:00,1171,470
2020-01-22 00:00:00,1172,97
2020-02-25 00:00:00,1172,486
2019-12-07 00:00:00,1174,356
2019-12-08 00:00:00,1174,913
2020-03-28 00:00:00,1176,772
2020-02-24 00:00:00,1177,331
2019-05-25 00:00:00,1179,401
2019-12-01 00:00:00,1179,683
2019-08-24 00:00:00,1179,880
2020-02-10 00:00:00,1180,123
2019-08-26 00:00:00,1180,138
2019-05-10 00:00:00,1181,421
2019-07-20 00:00:00,1182,663
2020-04-17 00:00:00,1184,655
2020-02-28 00:00:00,1186,827
2019-07-09 00:00:00,1187,595
2020-02-23 00:00:00,1189,932
2020-01-30 00:00:00,1192,625
2019-08-14 00:00:00,1194,694
2019-10-07 00:00:00,1195,252
2019-12-21 00:00:00,1196,536
2019-07-27 00:00:00,1197,630
2019-12-27 00:00:00,1198,122
2019-10-24 00:00:00,1200,934
2020-03-22 00:00:00,1201,554
2019-09-04 00:00:00,1201,967
2019-08-17 00:00:00,1202,418
2020-03-29 00:00:00,1205,339
2019-10-24 00:00:00,1205,353
2020-02-08 00:00:00,1206,272
2020-02-28 00:00:00,1207,262
2019-08-10 00:00:00,1207,669
2019-11-10 00:00:00,1207,716
2019-10-13 00:00:00,1209,598
2020-02-06 00:00:00,1209,714
2019-12-07 00:00:00,1212,319
2019-06-17 00:00:00,1212,907
2019-09-07 00:00:00,1213,167
2019-11-19 00:00:00,1213,422
2020-01-21 00:00:00,1213,779
2019-10-26 00:00:00,1214,595
2020-01-25 00:00:00,1216,47
2020-03-28 00:00:00,1216,947
2020-04-27 00:00:00,1217,947
2019-07-31 00:00:00,1218,676
2020-02-17 00:00:00,1218,884
2020-01-29 00:00:00,1220,455
2019-08-02 00:00:00,1220,891
2019-07-31 00:00:00,1221,54
2019-05-16 00:00:00,1221,336
2019-10-22 00:00:00,1223,52
2019-08-14 00:00:00,1224,242
2020-04-22 00:00:00,1224,537
2019-11-13 00:00:00,1224,811
2019-07-20 00:00:00,1225,31
2019-09-30 00:00:00,1225,792
2020-01-08 00:00:00,1226,152
2020-02-03 00:00:00,1226,160
2020-03-10 00:00:00,1228,826
2019-09-09 00:00:00,1228,926
2019-10-06 00:00:00,1229,8
2019-07-11 00:00:00,1230,62
2019-05-14 00:00:00,1230,408
2019-12-11 00:00:00,1231,199
2020-02-06 00:00:00,1231,623
2020-03-31 00:00:00,1234,8
2019-12-31 00:00:00,1234,139
2019-12-07 00:00:00,1234,164
2019-10-01 00:00:00,1234,612
2019-06-26 00:00:00,1235,304
2019-11-05 00:00:00,1237,288
2019-05-19 00:00:00,1237,356
2019-11-21 00:00:00,1237,958
2020-03-22 00:00:00,1238,991
2019-07-11 00:00:00,1239,512
2019-08-08 00:00:00,1239,598
2019-08-01 00:00:00,1240,381
2020-04-17 00:00:00,1241,795
2019-09-06 00:00:00,1243,271
2019-08-12 00:00:00,1243,473
2020-02-26 00:00:00,1243,486
2019-10-22 00:00:00,1243,591
2020-03-26 00:00:00,1243,665
2019-11-11 00:00:00,1243,891
2020-01-12 00:00:00,1244,321
2019-12-09 00:00:00,1248,53
2020-04-02 00:00:00,1250,939
2019-09-17 00:00:00,1251,281
2020-02-19 00:00:00,1253,368
2019-11-25 00:00:00,1256,294
2019-06-27 00:00:00,1257,530
2019-08-01 00:00:00,1258,673
2019-07-10 00:00:00,1259,85
2019-06-09 00:00:00,1260,221
2019-08-14 00:00:00,1261,112
2019-09-27 00:00:00,1261,118
2019-08-12 00:00:00,1261,125
2019-11-06 00:00:00,1261,363
2020-04-04 00:00:00,1265,198
2019-10-26 00:00:00,1266,735
2020-01-20 00:00:00,1269,701
2020-04-03 00:00:00,1271,279
2020-03-27 00:00:00,1271,280
2019-09-20 00:00:00,1271,444
2019-08-04 00:00:00,1272,128
2020-01-06 00:00:00,1273,759
2020-04-06 00:00:00,1274,516
2019-08-19 00:00:00,1276,656
2020-02-13 00:00:00,1278,994
2020-01-02 00:00:00,1280,602
2019-07-21 00:00:00,1280,632
2019-10-24 00:00:00,1281,506
2020-02-12 00:00:00,1281,592
2020-03-25 00:00:00,1281,915
2019-10-05 00:00:00,1283,249
2019-09-14 00:00:00,1283,530
2020-04-25 00:00:00,1284,805
2019-10-25 00:00:00,1286,24
2019-07-26 00:00:00,1289,671
2019-08-11 00:00:00,1290,120
2020-04-06 00:00:00,1290,585
2019-05-15 00:00:00,1290,766
2019-11-03 00:00:00,1292,345
2020-04-20 00:00:00,1292,918
2019-05-14 00:00:00,1293,12
2020-01-19 00:00:00,1294,605
2019-09-01 00:00:00,1294,949
2019-07-01 00:00:00,1295,444
2019-08-16 00:00:00,1295,848
2019-05-17 00:00:00,1298,302
2019-09-25 00:00:00,1298,667
2020-04-08 00:00:00,1301,380
2019-07-22 00:00:00,1302,401
2020-03-22 00:00:00,1302,857
2019-08-29 00:00:00,1303,627
2020-04-26 00:00:00,1304,409
2019-05-27 00:00:00,1305,405
2019-10-30 00:00:00,1305,656
2020-02-09 00:00:00,1305,719
2020-03-25 00:00:00,1309,182
2019-11-14 00:00:00,1309,334
2019-09-01 00:00:00,1309,894
2020-04-21 00:00:00,1310,534
2019-11-02 00:00:00,1311,200
2020-01-19 00:00:00,1312,871
2019-08-10 00:00:00,1313,210
2020-02-18 00:00:00,1313,328
2019-12-17 00:00:00,1314,862
2020-02-27 00:00:00,1314,947
2020-02-20 00:00:00,1316,501
2019-08-28 00:00:00,1318,105
2019-10-06 00:00:00,1318,176
2020-04-13 00:00:00,1318,768
2020-02-24 00:00:00,1318,810
2019-08-30 00:00:00,1319,186
2019-06-06 00:00:00,1322,714
2019-06-25 00:00:00,1324,142
2020-02-27 00:00:00,1324,249
2020-01-15 00:00:00,1324,872
2019-06-05 00:00:00,1325,841
2019-10-11 00:00:00,1326,204
2019-12-16 00:00:00,1326,436
2019-12-09 00:00:00,1326,470
2019-05-03 00:00:00,1326,525
2020-03-27 00:00:00,1328,523
2020-04-11 00:00:00,1329,86
2019-11-05 00:00:00,1329,199
2020-01-28 00:00:00,1329,248
2019-07-10 00:00:00,1331,551
2019-10-07 00:00:00,1332,365
2019-12-19 00:00:00,1333,800
2019-12-07 00:00:00,1334,87
2020-01-25 00:00:00,1335,178
2019-07-26 00:00:00,1335,379
2019-07-24 00:00:00,1336,72
2019-09-10 00:00:00,1337,477
2020-02-07 00:00:00,1338,458
2019-10-01 00:00:00,1340,576
2019-11-21 00:00:00,1341,291
2020-04-12 00:00:00,1341,511
2019-07-17 00:00:00,1341,693
2019-07-25 00:00:00,1341,817
2019-08-06 00:00:00,1342,652
2019-08-21 00:00:00,1342,680
2019-10-02 00:00:00,1343,932
2019-09-16 00:00:00,1347,497
2020-01-08 00:00:00,1347,509
2019-08-05 00:00:00,1348,38
2019-05-29 00:00:00,1348,914
2019-10-10 00:00:00,1350,231
2019-08-19 00:00:00,1355,773
2019-12-01 00:00:00,1357,93
2019-10-27 00:00:00,1357,310
2020-03-05 00:00:00,1359,741
2020-01-26 00:00:00,1362,59
2019-07-25 00:00:00,1363,942
2019-12-04 00:00:00,1367,489
2019-12-06 00:00:00,1368,757
2019-06-24 00:00:00,1369,175
2019-08-05 00:00:00,1370,152
2019-12-06 00:00:00,1370,309
2019-10-29 00:00:00,1370,321
2020-02-01 00:00:00,1370,513
2019-07-11 00:00:00,1370,833
2020-04-29 00:00:00,1371,517
2019-08-09 00:00:00,1371,750
2019-10-07 00:00:00,1373,275
2019-11-26 00:00:00,1373,634
2020-04-09 00:00:00,1374,440
2019-12-27 00:00:00,1377,516
2020-01-16 00:00:00,1380,333
2019-05-22 00:00:00,1381,253
2019-06-07 00:00:00,1382,547
2019-05-02 00:00:00,1383,794
2019-05-28 00:00:00,1384,819
2020-04-24 00:00:00,1385,416
2020-04-06 00:00:00,1386,263
2019-06-07 00:00:00,1387,650
2019-09-10 00:00:00,1387,690
2019-11-17 00:00:00,1388,748
2019-11-23 00:00:00,1394,46
2020-04-10 00:00:00,1395,516
2019-11-20 00:00:00,1395,937
2020-01-11 00:00:00,1396,167
2019-09-29 00:00:00,1396,507
2019-10-25 00:00:00,1397,96
2019-12-28 00:00:00,1398,289
2020-04-11 00:00:00,1399,451
2020-01-26 00:00:00,1399,648
2019-08-25 00:00:00,1402,129
2019-09-20 00:00:00,1402,937
2020-04-19 00:00:00,1407,553
2019-12-10 00:00:00,1408,249
2019-12-06 00:00:00,1408,592
2019-08-21 00:00:00,1408,740
2019-09-06 00:00:00,1409,375
2020-03-09 00:00:00,1409,966
2019-05-19 00:00:00,1413,816
2019-05-14 00:00:00,1416,826
2019-06-18 00:00:00,1417,359
2020-02-06 00:00:00,1418,215
2019-05-09 00:00:00,1418,839
2019-06-25 00:00:00,1421,600
2019-05-12 00:00:00,1422,925
2020-03-03 00:00:00,1423,705
2020-04-17 00:00:00,1423,855
2019-06-24 00:00:00,1425,655
2019-08-11 00:00:00,1426,139
2019-12-18 00:00:00,1426,775
2019-10-24 00:00:00,1426,941
2019-12-24 00:00:00,1427,45
2020-01-31 00:00:00,1427,220
2020-04-06 00:00:00,1427,474
2019-12-24 00:00:00,1428,380
2019-08-27 00:00:00,1429,196
2019-08-25 00:00:00,1429,615
2020-04-30 00:00:00,1431,382
2019-10-11 00:00:00,1431,473
2020-03-30 00:00:00,1431,671
2019-11-07 00:00:00,1431,981
2020-03-16 00:00:00,1432,92
2019-06-17 00:00:00,1432,882
2019-05-08 00:00:00,1433,180
2020-02-24 00:00:00,1434,799
2020-04-26 00:00:00,1436,189
2019-05-05 00:00:00,1439,656
2019-09-30 00:00:00,1440,464
2019-08-25 00:00:00,1441,150
2020-02-06 00:00:00,1441,512
2019-09-09 00:00:00,1442,765
2019-11-07 00:00:00,1443,119
2020-03-05 00:00:00,1443,884
2020-04-23 00:00:00,1446,548
2019-05-10 00:00:00,1447,639
2019-07-28 00:00:00,1447,690
2019-07-20 00:00:00,1448,790
2020-03-21 00:00:00,1450,96
2020-01-27 00:00:00,1450,722
2020-04-19 00:00:00,1451,36
2019-07-10 00:00:00,1451,319
2019-06-27 00:00:00,1451,366
2020-02-04 00:00:00,1451,1000
2019-06-05 00:00:00,1452,951
2019-10-13 00:00:00,1452,999
2019-08-13 00:00:00,1453,484
2019-07-01 00:00:00,1457,188
2019-09-30 00:00:00,1458,546
2020-01-13 00:00:00,1459,903
2019-10-09 00:00:00,1460,177
2020-01-19 00:00:00,1461,251
2020-02-22 00:00:00,1461,942
2019-07-18 00:00:00,1461,954
2019-09-06 00:00:00,1462,542
2019-05-12 00:00:00,1462,620
2019-06-26 00:00:00,1463,220
2019-07-30 00:00:00,1467,255
2020-01-22 00:00:00,1467,500
2019-06-21 00:00:00,1468,631
2019-09-09 00:00:00,1468,925
2020-03-31 00:00:00,1469,49
2020-03-15 00:00:00,1470,554
2019-07-09 00:00:00,1471,614
2019-12-04 00:00:00,1475,246
2019-08-29 00:00:00,1476,35
2019-08-02 00:00:00,1479,396
2020-01-11 00:00:00,1480,52
2019-10-23 00:00:00,1482,98
2019-11-07 00:00:00,1482,365
2019-09-06 00:00:00,1483,145
2019-11-18 00:00:00,1486,406
2019-05-24 00:00:00,1487,89
2020-03-03 00:00:00,1487,239
2020-02-05 00:00:00,1488,442
2019-08-15 00:00:00,1488,513
2020-03-24 00:00:00,1490,790
2020-04-18 00:00:00,1490,900
2020-01-09 00:00:00,1491,534
2019-12-06 00:00:00,1491,804
2019-06-18 00:00:00,1492,362
2020-04-07 00:00:00,1493,233
2019-05-14 00:00:00,1494,289
2020-01-07 00:00:00,1494,479
2020-01-07 00:00:00,1494,493
2020-04-08 00:00:00,1494,961
2019-06-08 00:00:00,1497,547
2019-11-27 00:00:00,1497,625
2019-10-16 00:00:00,1497,640
2019-11-20 00:00:00,1497,917
2019-10-17 00:00:00,1499,875
2019-12-11 00:00:00,1499,939
